ISO-10303-21;
HEADER;
/* Generated by software containing ST-Developer
 * from STEP Tools, Inc. (www.steptools.com) 
 */
/* OPTION: using custom renumber hook */

FILE_DESCRIPTION(
/* description */ ('STEP AP242 Edition 2',
'CAx-IF Rec.Pracs.---Representation and Presentation of Product Manufa
cturing Information (PMI)---4.0---2014-10-13',
'CAx-IF Rec.Pracs.---3D Tessellated Geometry---0.4---2014-09-14','2;1',
'CAx-IF Rec.Pracs.---User Defined Attributes---1.5---2016-08-15'),
/* implementation_level */ '2;1');

FILE_NAME(
/* name */ '6a6a30d084abcf83f4a7a9b9',
/* time_stamp */ '2026-07-29T16:56:49Z',
/* author */ (''),
/* organization */ (''),
/* preprocessor_version */ 'ST-DEVELOPER v20',
/* originating_system */ 'ONSHAPE BY PTC INC, 1.218',
/* authorisation */ '  ');

FILE_SCHEMA (('AP242_MANAGED_MODEL_BASED_3D_ENGINEERING_MIM_LF { 1 0 10303 442 3 1 4 }'));
ENDSEC;

DATA;
#10=CYLINDRICAL_SURFACE('',#1538,0.006);
#11=CYLINDRICAL_SURFACE('',#1542,0.006);
#12=CYLINDRICAL_SURFACE('',#1545,0.006);
#13=CYLINDRICAL_SURFACE('',#1549,0.006);
#14=CYLINDRICAL_SURFACE('',#1555,0.0025);
#15=CYLINDRICAL_SURFACE('',#1556,0.0025);
#16=CYLINDRICAL_SURFACE('',#1557,0.0025);
#17=CYLINDRICAL_SURFACE('',#1558,0.0025);
#18=CIRCLE('',#1518,0.0025);
#19=CIRCLE('',#1519,0.0025);
#20=CIRCLE('',#1520,0.0025);
#21=CIRCLE('',#1521,0.0025);
#22=CIRCLE('',#1523,0.0025);
#23=CIRCLE('',#1524,0.0025);
#24=CIRCLE('',#1525,0.0025);
#25=CIRCLE('',#1526,0.0025);
#26=CIRCLE('',#1529,0.006);
#27=CIRCLE('',#1530,0.006);
#28=CIRCLE('',#1534,0.006);
#29=CIRCLE('',#1535,0.006);
#30=CIRCLE('',#1539,0.006);
#31=CIRCLE('',#1543,0.006);
#32=CIRCLE('',#1546,0.006);
#33=CIRCLE('',#1548,0.006);
#34=CONTEXT_DEPENDENT_SHAPE_REPRESENTATION(#48,#2328);
#35=CONTEXT_DEPENDENT_SHAPE_REPRESENTATION(#49,#2330);
#36=CONTEXT_DEPENDENT_SHAPE_REPRESENTATION(#50,#2332);
#37=CONTEXT_DEPENDENT_SHAPE_REPRESENTATION(#51,#2334);
#38=CONTEXT_DEPENDENT_SHAPE_REPRESENTATION(#52,#2335);
#39=CONTEXT_DEPENDENT_SHAPE_REPRESENTATION(#53,#2337);
#40=CONTEXT_DEPENDENT_SHAPE_REPRESENTATION(#54,#2339);
#41=NEXT_ASSEMBLY_USAGE_OCCURRENCE('NAUO1','Part 1','Part 1',#2340,#2341,
'');
#42=NEXT_ASSEMBLY_USAGE_OCCURRENCE('NAUO2','Part 1','Part 1',#2340,#2342,
'');
#43=NEXT_ASSEMBLY_USAGE_OCCURRENCE('NAUO3','Part 1','Part 1',#2340,#2343,
'');
#44=NEXT_ASSEMBLY_USAGE_OCCURRENCE('NAUO4','Part 1','Part 1',#2340,#2344,
'');
#45=NEXT_ASSEMBLY_USAGE_OCCURRENCE('NAUO5','Part 1','Part 1',#2340,#2344,
'');
#46=NEXT_ASSEMBLY_USAGE_OCCURRENCE('NAUO6','Part 1','Part 1',#2340,#2345,
'');
#47=NEXT_ASSEMBLY_USAGE_OCCURRENCE('NAUO7','Portapilas','Portapilas',#2340,
#2346,'');
#48=(
REPRESENTATION_RELATIONSHIP(' ',' ',#1454,#1453)
REPRESENTATION_RELATIONSHIP_WITH_TRANSFORMATION(#55)
SHAPE_REPRESENTATION_RELATIONSHIP()
);
#49=(
REPRESENTATION_RELATIONSHIP(' ',' ',#1455,#1453)
REPRESENTATION_RELATIONSHIP_WITH_TRANSFORMATION(#56)
SHAPE_REPRESENTATION_RELATIONSHIP()
);
#50=(
REPRESENTATION_RELATIONSHIP(' ',' ',#1456,#1453)
REPRESENTATION_RELATIONSHIP_WITH_TRANSFORMATION(#57)
SHAPE_REPRESENTATION_RELATIONSHIP()
);
#51=(
REPRESENTATION_RELATIONSHIP(' ',' ',#1457,#1453)
REPRESENTATION_RELATIONSHIP_WITH_TRANSFORMATION(#58)
SHAPE_REPRESENTATION_RELATIONSHIP()
);
#52=(
REPRESENTATION_RELATIONSHIP(' ',' ',#1457,#1453)
REPRESENTATION_RELATIONSHIP_WITH_TRANSFORMATION(#59)
SHAPE_REPRESENTATION_RELATIONSHIP()
);
#53=(
REPRESENTATION_RELATIONSHIP(' ',' ',#1458,#1453)
REPRESENTATION_RELATIONSHIP_WITH_TRANSFORMATION(#60)
SHAPE_REPRESENTATION_RELATIONSHIP()
);
#54=(
REPRESENTATION_RELATIONSHIP(' ',' ',#1459,#1453)
REPRESENTATION_RELATIONSHIP_WITH_TRANSFORMATION(#61)
SHAPE_REPRESENTATION_RELATIONSHIP()
);
#55=ITEM_DEFINED_TRANSFORMATION(' ',' ',#1460,#1467);
#56=ITEM_DEFINED_TRANSFORMATION(' ',' ',#1460,#1490);
#57=ITEM_DEFINED_TRANSFORMATION(' ',' ',#1460,#1497);
#58=ITEM_DEFINED_TRANSFORMATION(' ',' ',#1460,#1504);
#59=ITEM_DEFINED_TRANSFORMATION(' ',' ',#1460,#1505);
#60=ITEM_DEFINED_TRANSFORMATION(' ',' ',#1460,#1516);
#61=ITEM_DEFINED_TRANSFORMATION(' ',' ',#1460,#1559);
#62=SHAPE_REPRESENTATION_RELATIONSHIP('','',#1454,#68);
#63=SHAPE_REPRESENTATION_RELATIONSHIP('','',#1455,#69);
#64=SHAPE_REPRESENTATION_RELATIONSHIP('','',#1456,#70);
#65=SHAPE_REPRESENTATION_RELATIONSHIP('','',#1457,#71);
#66=SHAPE_REPRESENTATION_RELATIONSHIP('','',#1458,#72);
#67=SHAPE_REPRESENTATION_RELATIONSHIP('','',#1459,#73);
#68=ADVANCED_BREP_SHAPE_REPRESENTATION('',(#1440),#2310);
#69=ADVANCED_BREP_SHAPE_REPRESENTATION('',(#1441),#2311);
#70=ADVANCED_BREP_SHAPE_REPRESENTATION('',(#1442),#2312);
#71=ADVANCED_BREP_SHAPE_REPRESENTATION('',(#1443),#2313);
#72=ADVANCED_BREP_SHAPE_REPRESENTATION('',(#1444),#2314);
#73=ADVANCED_BREP_SHAPE_REPRESENTATION('',(#1445),#2315);
#74=ORIENTED_EDGE('',*,*,#434,.F.);
#75=ORIENTED_EDGE('',*,*,#435,.F.);
#76=ORIENTED_EDGE('',*,*,#436,.T.);
#77=ORIENTED_EDGE('',*,*,#437,.T.);
#78=ORIENTED_EDGE('',*,*,#438,.T.);
#79=ORIENTED_EDGE('',*,*,#439,.F.);
#80=ORIENTED_EDGE('',*,*,#440,.F.);
#81=ORIENTED_EDGE('',*,*,#435,.T.);
#82=ORIENTED_EDGE('',*,*,#441,.T.);
#83=ORIENTED_EDGE('',*,*,#442,.F.);
#84=ORIENTED_EDGE('',*,*,#443,.F.);
#85=ORIENTED_EDGE('',*,*,#439,.T.);
#86=ORIENTED_EDGE('',*,*,#444,.F.);
#87=ORIENTED_EDGE('',*,*,#437,.F.);
#88=ORIENTED_EDGE('',*,*,#445,.T.);
#89=ORIENTED_EDGE('',*,*,#442,.T.);
#90=ORIENTED_EDGE('',*,*,#436,.F.);
#91=ORIENTED_EDGE('',*,*,#440,.T.);
#92=ORIENTED_EDGE('',*,*,#443,.T.);
#93=ORIENTED_EDGE('',*,*,#445,.F.);
#94=ORIENTED_EDGE('',*,*,#434,.T.);
#95=ORIENTED_EDGE('',*,*,#444,.T.);
#96=ORIENTED_EDGE('',*,*,#441,.F.);
#97=ORIENTED_EDGE('',*,*,#438,.F.);
#98=ORIENTED_EDGE('',*,*,#446,.F.);
#99=ORIENTED_EDGE('',*,*,#447,.F.);
#100=ORIENTED_EDGE('',*,*,#448,.T.);
#101=ORIENTED_EDGE('',*,*,#449,.T.);
#102=ORIENTED_EDGE('',*,*,#450,.T.);
#103=ORIENTED_EDGE('',*,*,#451,.F.);
#104=ORIENTED_EDGE('',*,*,#452,.F.);
#105=ORIENTED_EDGE('',*,*,#447,.T.);
#106=ORIENTED_EDGE('',*,*,#453,.T.);
#107=ORIENTED_EDGE('',*,*,#454,.F.);
#108=ORIENTED_EDGE('',*,*,#455,.F.);
#109=ORIENTED_EDGE('',*,*,#451,.T.);
#110=ORIENTED_EDGE('',*,*,#456,.F.);
#111=ORIENTED_EDGE('',*,*,#449,.F.);
#112=ORIENTED_EDGE('',*,*,#457,.T.);
#113=ORIENTED_EDGE('',*,*,#454,.T.);
#114=ORIENTED_EDGE('',*,*,#458,.F.);
#115=ORIENTED_EDGE('',*,*,#459,.F.);
#116=ORIENTED_EDGE('',*,*,#460,.T.);
#117=ORIENTED_EDGE('',*,*,#461,.F.);
#118=ORIENTED_EDGE('',*,*,#462,.F.);
#119=ORIENTED_EDGE('',*,*,#463,.T.);
#120=ORIENTED_EDGE('',*,*,#464,.T.);
#121=ORIENTED_EDGE('',*,*,#465,.T.);
#122=ORIENTED_EDGE('',*,*,#448,.F.);
#123=ORIENTED_EDGE('',*,*,#452,.T.);
#124=ORIENTED_EDGE('',*,*,#455,.T.);
#125=ORIENTED_EDGE('',*,*,#457,.F.);
#126=ORIENTED_EDGE('',*,*,#466,.F.);
#127=ORIENTED_EDGE('',*,*,#467,.T.);
#128=ORIENTED_EDGE('',*,*,#468,.T.);
#129=ORIENTED_EDGE('',*,*,#469,.F.);
#130=ORIENTED_EDGE('',*,*,#470,.F.);
#131=ORIENTED_EDGE('',*,*,#471,.F.);
#132=ORIENTED_EDGE('',*,*,#472,.T.);
#133=ORIENTED_EDGE('',*,*,#473,.T.);
#134=ORIENTED_EDGE('',*,*,#474,.T.);
#135=ORIENTED_EDGE('',*,*,#475,.T.);
#136=ORIENTED_EDGE('',*,*,#476,.F.);
#137=ORIENTED_EDGE('',*,*,#477,.F.);
#138=ORIENTED_EDGE('',*,*,#446,.T.);
#139=ORIENTED_EDGE('',*,*,#456,.T.);
#140=ORIENTED_EDGE('',*,*,#453,.F.);
#141=ORIENTED_EDGE('',*,*,#450,.F.);
#142=ORIENTED_EDGE('',*,*,#458,.T.);
#143=ORIENTED_EDGE('',*,*,#478,.T.);
#144=ORIENTED_EDGE('',*,*,#471,.T.);
#145=ORIENTED_EDGE('',*,*,#479,.F.);
#146=ORIENTED_EDGE('',*,*,#459,.T.);
#147=ORIENTED_EDGE('',*,*,#479,.T.);
#148=ORIENTED_EDGE('',*,*,#470,.T.);
#149=ORIENTED_EDGE('',*,*,#480,.F.);
#150=ORIENTED_EDGE('',*,*,#480,.T.);
#151=ORIENTED_EDGE('',*,*,#481,.F.);
#152=ORIENTED_EDGE('',*,*,#482,.F.);
#153=ORIENTED_EDGE('',*,*,#483,.T.);
#154=ORIENTED_EDGE('',*,*,#484,.F.);
#155=ORIENTED_EDGE('',*,*,#460,.F.);
#156=ORIENTED_EDGE('',*,*,#461,.T.);
#157=ORIENTED_EDGE('',*,*,#484,.T.);
#158=ORIENTED_EDGE('',*,*,#466,.T.);
#159=ORIENTED_EDGE('',*,*,#485,.F.);
#160=ORIENTED_EDGE('',*,*,#462,.T.);
#161=ORIENTED_EDGE('',*,*,#485,.T.);
#162=ORIENTED_EDGE('',*,*,#486,.F.);
#163=ORIENTED_EDGE('',*,*,#487,.T.);
#164=ORIENTED_EDGE('',*,*,#488,.T.);
#165=ORIENTED_EDGE('',*,*,#489,.F.);
#166=ORIENTED_EDGE('',*,*,#489,.T.);
#167=ORIENTED_EDGE('',*,*,#474,.F.);
#168=ORIENTED_EDGE('',*,*,#490,.F.);
#169=ORIENTED_EDGE('',*,*,#463,.F.);
#170=ORIENTED_EDGE('',*,*,#490,.T.);
#171=ORIENTED_EDGE('',*,*,#473,.F.);
#172=ORIENTED_EDGE('',*,*,#491,.F.);
#173=ORIENTED_EDGE('',*,*,#464,.F.);
#174=ORIENTED_EDGE('',*,*,#491,.T.);
#175=ORIENTED_EDGE('',*,*,#472,.F.);
#176=ORIENTED_EDGE('',*,*,#478,.F.);
#177=ORIENTED_EDGE('',*,*,#465,.F.);
#178=ORIENTED_EDGE('',*,*,#475,.F.);
#179=ORIENTED_EDGE('',*,*,#488,.F.);
#180=ORIENTED_EDGE('',*,*,#492,.T.);
#181=ORIENTED_EDGE('',*,*,#493,.T.);
#182=ORIENTED_EDGE('',*,*,#477,.T.);
#183=ORIENTED_EDGE('',*,*,#494,.F.);
#184=ORIENTED_EDGE('',*,*,#495,.F.);
#185=ORIENTED_EDGE('',*,*,#486,.T.);
#186=ORIENTED_EDGE('',*,*,#476,.T.);
#187=ORIENTED_EDGE('',*,*,#493,.F.);
#188=ORIENTED_EDGE('',*,*,#496,.F.);
#189=ORIENTED_EDGE('',*,*,#494,.T.);
#190=ORIENTED_EDGE('',*,*,#492,.F.);
#191=ORIENTED_EDGE('',*,*,#487,.F.);
#192=ORIENTED_EDGE('',*,*,#495,.T.);
#193=ORIENTED_EDGE('',*,*,#496,.T.);
#194=ORIENTED_EDGE('',*,*,#467,.F.);
#195=ORIENTED_EDGE('',*,*,#483,.F.);
#196=ORIENTED_EDGE('',*,*,#497,.T.);
#197=ORIENTED_EDGE('',*,*,#498,.T.);
#198=ORIENTED_EDGE('',*,*,#469,.T.);
#199=ORIENTED_EDGE('',*,*,#499,.F.);
#200=ORIENTED_EDGE('',*,*,#500,.F.);
#201=ORIENTED_EDGE('',*,*,#481,.T.);
#202=ORIENTED_EDGE('',*,*,#468,.F.);
#203=ORIENTED_EDGE('',*,*,#498,.F.);
#204=ORIENTED_EDGE('',*,*,#501,.T.);
#205=ORIENTED_EDGE('',*,*,#499,.T.);
#206=ORIENTED_EDGE('',*,*,#497,.F.);
#207=ORIENTED_EDGE('',*,*,#482,.T.);
#208=ORIENTED_EDGE('',*,*,#500,.T.);
#209=ORIENTED_EDGE('',*,*,#501,.F.);
#210=ORIENTED_EDGE('',*,*,#502,.F.);
#211=ORIENTED_EDGE('',*,*,#503,.F.);
#212=ORIENTED_EDGE('',*,*,#504,.T.);
#213=ORIENTED_EDGE('',*,*,#505,.T.);
#214=ORIENTED_EDGE('',*,*,#506,.T.);
#215=ORIENTED_EDGE('',*,*,#507,.F.);
#216=ORIENTED_EDGE('',*,*,#508,.F.);
#217=ORIENTED_EDGE('',*,*,#503,.T.);
#218=ORIENTED_EDGE('',*,*,#509,.T.);
#219=ORIENTED_EDGE('',*,*,#510,.F.);
#220=ORIENTED_EDGE('',*,*,#511,.F.);
#221=ORIENTED_EDGE('',*,*,#507,.T.);
#222=ORIENTED_EDGE('',*,*,#512,.F.);
#223=ORIENTED_EDGE('',*,*,#505,.F.);
#224=ORIENTED_EDGE('',*,*,#513,.T.);
#225=ORIENTED_EDGE('',*,*,#510,.T.);
#226=ORIENTED_EDGE('',*,*,#504,.F.);
#227=ORIENTED_EDGE('',*,*,#508,.T.);
#228=ORIENTED_EDGE('',*,*,#511,.T.);
#229=ORIENTED_EDGE('',*,*,#513,.F.);
#230=ORIENTED_EDGE('',*,*,#502,.T.);
#231=ORIENTED_EDGE('',*,*,#512,.T.);
#232=ORIENTED_EDGE('',*,*,#509,.F.);
#233=ORIENTED_EDGE('',*,*,#506,.F.);
#234=ORIENTED_EDGE('',*,*,#514,.F.);
#235=ORIENTED_EDGE('',*,*,#515,.F.);
#236=ORIENTED_EDGE('',*,*,#516,.T.);
#237=ORIENTED_EDGE('',*,*,#517,.T.);
#238=ORIENTED_EDGE('',*,*,#518,.T.);
#239=ORIENTED_EDGE('',*,*,#519,.F.);
#240=ORIENTED_EDGE('',*,*,#520,.F.);
#241=ORIENTED_EDGE('',*,*,#515,.T.);
#242=ORIENTED_EDGE('',*,*,#521,.T.);
#243=ORIENTED_EDGE('',*,*,#522,.F.);
#244=ORIENTED_EDGE('',*,*,#523,.F.);
#245=ORIENTED_EDGE('',*,*,#519,.T.);
#246=ORIENTED_EDGE('',*,*,#524,.F.);
#247=ORIENTED_EDGE('',*,*,#517,.F.);
#248=ORIENTED_EDGE('',*,*,#525,.T.);
#249=ORIENTED_EDGE('',*,*,#522,.T.);
#250=ORIENTED_EDGE('',*,*,#516,.F.);
#251=ORIENTED_EDGE('',*,*,#520,.T.);
#252=ORIENTED_EDGE('',*,*,#523,.T.);
#253=ORIENTED_EDGE('',*,*,#525,.F.);
#254=ORIENTED_EDGE('',*,*,#514,.T.);
#255=ORIENTED_EDGE('',*,*,#524,.T.);
#256=ORIENTED_EDGE('',*,*,#521,.F.);
#257=ORIENTED_EDGE('',*,*,#518,.F.);
#258=ORIENTED_EDGE('',*,*,#526,.F.);
#259=ORIENTED_EDGE('',*,*,#527,.T.);
#260=ORIENTED_EDGE('',*,*,#528,.T.);
#261=ORIENTED_EDGE('',*,*,#529,.F.);
#262=ORIENTED_EDGE('',*,*,#530,.F.);
#263=ORIENTED_EDGE('',*,*,#531,.T.);
#264=ORIENTED_EDGE('',*,*,#532,.T.);
#265=ORIENTED_EDGE('',*,*,#533,.F.);
#266=ORIENTED_EDGE('',*,*,#534,.T.);
#267=ORIENTED_EDGE('',*,*,#535,.T.);
#268=ORIENTED_EDGE('',*,*,#536,.F.);
#269=ORIENTED_EDGE('',*,*,#537,.F.);
#270=ORIENTED_EDGE('',*,*,#538,.F.);
#271=ORIENTED_EDGE('',*,*,#539,.T.);
#272=ORIENTED_EDGE('',*,*,#540,.T.);
#273=ORIENTED_EDGE('',*,*,#541,.F.);
#274=ORIENTED_EDGE('',*,*,#534,.F.);
#275=ORIENTED_EDGE('',*,*,#542,.F.);
#276=ORIENTED_EDGE('',*,*,#526,.T.);
#277=ORIENTED_EDGE('',*,*,#543,.T.);
#278=ORIENTED_EDGE('',*,*,#537,.T.);
#279=ORIENTED_EDGE('',*,*,#544,.F.);
#280=ORIENTED_EDGE('',*,*,#527,.F.);
#281=ORIENTED_EDGE('',*,*,#542,.T.);
#282=ORIENTED_EDGE('',*,*,#536,.T.);
#283=ORIENTED_EDGE('',*,*,#545,.F.);
#284=ORIENTED_EDGE('',*,*,#528,.F.);
#285=ORIENTED_EDGE('',*,*,#544,.T.);
#286=ORIENTED_EDGE('',*,*,#535,.F.);
#287=ORIENTED_EDGE('',*,*,#543,.F.);
#288=ORIENTED_EDGE('',*,*,#529,.T.);
#289=ORIENTED_EDGE('',*,*,#545,.T.);
#290=ORIENTED_EDGE('',*,*,#538,.T.);
#291=ORIENTED_EDGE('',*,*,#546,.T.);
#292=ORIENTED_EDGE('',*,*,#531,.F.);
#293=ORIENTED_EDGE('',*,*,#547,.F.);
#294=ORIENTED_EDGE('',*,*,#547,.T.);
#295=ORIENTED_EDGE('',*,*,#530,.T.);
#296=ORIENTED_EDGE('',*,*,#548,.F.);
#297=ORIENTED_EDGE('',*,*,#539,.F.);
#298=ORIENTED_EDGE('',*,*,#548,.T.);
#299=ORIENTED_EDGE('',*,*,#533,.T.);
#300=ORIENTED_EDGE('',*,*,#549,.F.);
#301=ORIENTED_EDGE('',*,*,#540,.F.);
#302=ORIENTED_EDGE('',*,*,#541,.T.);
#303=ORIENTED_EDGE('',*,*,#549,.T.);
#304=ORIENTED_EDGE('',*,*,#532,.F.);
#305=ORIENTED_EDGE('',*,*,#546,.F.);
#306=ORIENTED_EDGE('',*,*,#550,.T.);
#307=ORIENTED_EDGE('',*,*,#551,.F.);
#308=ORIENTED_EDGE('',*,*,#552,.F.);
#309=ORIENTED_EDGE('',*,*,#553,.F.);
#310=ORIENTED_EDGE('',*,*,#554,.F.);
#311=ORIENTED_EDGE('',*,*,#555,.F.);
#312=ORIENTED_EDGE('',*,*,#556,.F.);
#313=ORIENTED_EDGE('',*,*,#557,.T.);
#314=ORIENTED_EDGE('',*,*,#558,.T.);
#315=ORIENTED_EDGE('',*,*,#559,.T.);
#316=ORIENTED_EDGE('',*,*,#560,.F.);
#317=ORIENTED_EDGE('',*,*,#561,.F.);
#318=ORIENTED_EDGE('',*,*,#562,.F.);
#319=ORIENTED_EDGE('',*,*,#563,.F.);
#320=ORIENTED_EDGE('',*,*,#564,.F.);
#321=ORIENTED_EDGE('',*,*,#565,.F.);
#322=ORIENTED_EDGE('',*,*,#566,.F.);
#323=ORIENTED_EDGE('',*,*,#567,.T.);
#324=ORIENTED_EDGE('',*,*,#568,.F.);
#325=ORIENTED_EDGE('',*,*,#569,.T.);
#326=ORIENTED_EDGE('',*,*,#570,.F.);
#327=ORIENTED_EDGE('',*,*,#571,.F.);
#328=ORIENTED_EDGE('',*,*,#572,.F.);
#329=ORIENTED_EDGE('',*,*,#573,.T.);
#330=ORIENTED_EDGE('',*,*,#574,.F.);
#331=ORIENTED_EDGE('',*,*,#553,.T.);
#332=ORIENTED_EDGE('',*,*,#575,.T.);
#333=ORIENTED_EDGE('',*,*,#576,.T.);
#334=ORIENTED_EDGE('',*,*,#577,.T.);
#335=ORIENTED_EDGE('',*,*,#575,.F.);
#336=ORIENTED_EDGE('',*,*,#556,.T.);
#337=ORIENTED_EDGE('',*,*,#578,.T.);
#338=ORIENTED_EDGE('',*,*,#579,.T.);
#339=ORIENTED_EDGE('',*,*,#580,.F.);
#340=ORIENTED_EDGE('',*,*,#554,.T.);
#341=ORIENTED_EDGE('',*,*,#574,.T.);
#342=ORIENTED_EDGE('',*,*,#581,.F.);
#343=ORIENTED_EDGE('',*,*,#582,.T.);
#344=ORIENTED_EDGE('',*,*,#578,.F.);
#345=ORIENTED_EDGE('',*,*,#555,.T.);
#346=ORIENTED_EDGE('',*,*,#580,.T.);
#347=ORIENTED_EDGE('',*,*,#583,.T.);
#348=ORIENTED_EDGE('',*,*,#584,.F.);
#349=ORIENTED_EDGE('',*,*,#567,.F.);
#350=ORIENTED_EDGE('',*,*,#582,.F.);
#351=ORIENTED_EDGE('',*,*,#585,.F.);
#352=ORIENTED_EDGE('',*,*,#576,.F.);
#353=ORIENTED_EDGE('',*,*,#577,.F.);
#354=ORIENTED_EDGE('',*,*,#573,.F.);
#355=ORIENTED_EDGE('',*,*,#586,.F.);
#356=ORIENTED_EDGE('',*,*,#583,.F.);
#357=ORIENTED_EDGE('',*,*,#579,.F.);
#358=ORIENTED_EDGE('',*,*,#587,.T.);
#359=ORIENTED_EDGE('',*,*,#588,.T.);
#360=ORIENTED_EDGE('',*,*,#572,.T.);
#361=ORIENTED_EDGE('',*,*,#589,.T.);
#362=ORIENTED_EDGE('',*,*,#590,.T.);
#363=ORIENTED_EDGE('',*,*,#591,.F.);
#364=ORIENTED_EDGE('',*,*,#562,.T.);
#365=ORIENTED_EDGE('',*,*,#592,.T.);
#366=ORIENTED_EDGE('',*,*,#593,.F.);
#367=ORIENTED_EDGE('',*,*,#594,.T.);
#368=ORIENTED_EDGE('',*,*,#589,.F.);
#369=ORIENTED_EDGE('',*,*,#571,.T.);
#370=ORIENTED_EDGE('',*,*,#595,.T.);
#371=ORIENTED_EDGE('',*,*,#593,.T.);
#372=ORIENTED_EDGE('',*,*,#570,.T.);
#373=ORIENTED_EDGE('',*,*,#596,.T.);
#374=ORIENTED_EDGE('',*,*,#597,.T.);
#375=ORIENTED_EDGE('',*,*,#592,.F.);
#376=ORIENTED_EDGE('',*,*,#561,.T.);
#377=ORIENTED_EDGE('',*,*,#598,.T.);
#378=ORIENTED_EDGE('',*,*,#599,.F.);
#379=ORIENTED_EDGE('',*,*,#586,.T.);
#380=ORIENTED_EDGE('',*,*,#588,.F.);
#381=ORIENTED_EDGE('',*,*,#600,.F.);
#382=ORIENTED_EDGE('',*,*,#601,.T.);
#383=ORIENTED_EDGE('',*,*,#602,.T.);
#384=ORIENTED_EDGE('',*,*,#603,.T.);
#385=ORIENTED_EDGE('',*,*,#568,.T.);
#386=ORIENTED_EDGE('',*,*,#584,.T.);
#387=ORIENTED_EDGE('',*,*,#599,.T.);
#388=ORIENTED_EDGE('',*,*,#604,.F.);
#389=ORIENTED_EDGE('',*,*,#569,.F.);
#390=ORIENTED_EDGE('',*,*,#603,.F.);
#391=ORIENTED_EDGE('',*,*,#598,.F.);
#392=ORIENTED_EDGE('',*,*,#560,.T.);
#393=ORIENTED_EDGE('',*,*,#605,.T.);
#394=ORIENTED_EDGE('',*,*,#604,.T.);
#395=ORIENTED_EDGE('',*,*,#606,.T.);
#396=ORIENTED_EDGE('',*,*,#581,.T.);
#397=ORIENTED_EDGE('',*,*,#566,.T.);
#398=ORIENTED_EDGE('',*,*,#607,.T.);
#399=ORIENTED_EDGE('',*,*,#600,.T.);
#400=ORIENTED_EDGE('',*,*,#587,.F.);
#401=ORIENTED_EDGE('',*,*,#594,.F.);
#402=ORIENTED_EDGE('',*,*,#595,.F.);
#403=ORIENTED_EDGE('',*,*,#608,.F.);
#404=ORIENTED_EDGE('',*,*,#609,.T.);
#405=ORIENTED_EDGE('',*,*,#610,.T.);
#406=ORIENTED_EDGE('',*,*,#611,.T.);
#407=ORIENTED_EDGE('',*,*,#608,.T.);
#408=ORIENTED_EDGE('',*,*,#596,.F.);
#409=ORIENTED_EDGE('',*,*,#585,.T.);
#410=ORIENTED_EDGE('',*,*,#606,.F.);
#411=ORIENTED_EDGE('',*,*,#605,.F.);
#412=ORIENTED_EDGE('',*,*,#563,.T.);
#413=ORIENTED_EDGE('',*,*,#591,.T.);
#414=ORIENTED_EDGE('',*,*,#609,.F.);
#415=ORIENTED_EDGE('',*,*,#590,.F.);
#416=ORIENTED_EDGE('',*,*,#597,.F.);
#417=ORIENTED_EDGE('',*,*,#612,.F.);
#418=ORIENTED_EDGE('',*,*,#610,.F.);
#419=ORIENTED_EDGE('',*,*,#612,.T.);
#420=ORIENTED_EDGE('',*,*,#602,.F.);
#421=ORIENTED_EDGE('',*,*,#613,.T.);
#422=ORIENTED_EDGE('',*,*,#611,.F.);
#423=ORIENTED_EDGE('',*,*,#613,.F.);
#424=ORIENTED_EDGE('',*,*,#601,.F.);
#425=ORIENTED_EDGE('',*,*,#607,.F.);
#426=ORIENTED_EDGE('',*,*,#552,.T.);
#427=ORIENTED_EDGE('',*,*,#559,.F.);
#428=ORIENTED_EDGE('',*,*,#551,.T.);
#429=ORIENTED_EDGE('',*,*,#558,.F.);
#430=ORIENTED_EDGE('',*,*,#550,.F.);
#431=ORIENTED_EDGE('',*,*,#564,.T.);
#432=ORIENTED_EDGE('',*,*,#557,.F.);
#433=ORIENTED_EDGE('',*,*,#565,.T.);
#434=EDGE_CURVE('',#614,#615,#734,.T.);
#435=EDGE_CURVE('',#616,#614,#735,.T.);
#436=EDGE_CURVE('',#616,#617,#736,.T.);
#437=EDGE_CURVE('',#617,#615,#737,.T.);
#438=EDGE_CURVE('',#614,#618,#738,.T.);
#439=EDGE_CURVE('',#619,#618,#739,.T.);
#440=EDGE_CURVE('',#616,#619,#740,.T.);
#441=EDGE_CURVE('',#618,#620,#741,.T.);
#442=EDGE_CURVE('',#621,#620,#742,.T.);
#443=EDGE_CURVE('',#619,#621,#743,.T.);
#444=EDGE_CURVE('',#615,#620,#744,.T.);
#445=EDGE_CURVE('',#617,#621,#745,.T.);
#446=EDGE_CURVE('',#622,#623,#746,.T.);
#447=EDGE_CURVE('',#624,#622,#747,.T.);
#448=EDGE_CURVE('',#624,#625,#748,.T.);
#449=EDGE_CURVE('',#625,#623,#749,.T.);
#450=EDGE_CURVE('',#622,#626,#750,.T.);
#451=EDGE_CURVE('',#627,#626,#751,.T.);
#452=EDGE_CURVE('',#624,#627,#752,.T.);
#453=EDGE_CURVE('',#626,#628,#753,.T.);
#454=EDGE_CURVE('',#629,#628,#754,.T.);
#455=EDGE_CURVE('',#627,#629,#755,.T.);
#456=EDGE_CURVE('',#623,#628,#756,.T.);
#457=EDGE_CURVE('',#625,#629,#757,.T.);
#458=EDGE_CURVE('',#630,#631,#758,.T.);
#459=EDGE_CURVE('',#632,#630,#759,.T.);
#460=EDGE_CURVE('',#632,#633,#760,.T.);
#461=EDGE_CURVE('',#634,#633,#761,.T.);
#462=EDGE_CURVE('',#635,#634,#762,.T.);
#463=EDGE_CURVE('',#635,#636,#763,.T.);
#464=EDGE_CURVE('',#636,#637,#764,.T.);
#465=EDGE_CURVE('',#637,#631,#765,.T.);
#466=EDGE_CURVE('',#638,#639,#766,.T.);
#467=EDGE_CURVE('',#638,#640,#767,.T.);
#468=EDGE_CURVE('',#640,#641,#768,.T.);
#469=EDGE_CURVE('',#642,#641,#769,.T.);
#470=EDGE_CURVE('',#643,#642,#770,.T.);
#471=EDGE_CURVE('',#644,#643,#771,.T.);
#472=EDGE_CURVE('',#644,#645,#772,.T.);
#473=EDGE_CURVE('',#645,#646,#773,.T.);
#474=EDGE_CURVE('',#646,#647,#774,.T.);
#475=EDGE_CURVE('',#647,#648,#775,.T.);
#476=EDGE_CURVE('',#649,#648,#776,.T.);
#477=EDGE_CURVE('',#639,#649,#777,.T.);
#478=EDGE_CURVE('',#631,#644,#778,.T.);
#479=EDGE_CURVE('',#630,#643,#779,.T.);
#480=EDGE_CURVE('',#632,#642,#780,.T.);
#481=EDGE_CURVE('',#650,#642,#781,.T.);
#482=EDGE_CURVE('',#651,#650,#782,.T.);
#483=EDGE_CURVE('',#651,#638,#783,.T.);
#484=EDGE_CURVE('',#633,#638,#784,.T.);
#485=EDGE_CURVE('',#634,#639,#785,.T.);
#486=EDGE_CURVE('',#652,#639,#786,.T.);
#487=EDGE_CURVE('',#652,#653,#787,.T.);
#488=EDGE_CURVE('',#653,#647,#788,.T.);
#489=EDGE_CURVE('',#635,#647,#789,.T.);
#490=EDGE_CURVE('',#636,#646,#790,.T.);
#491=EDGE_CURVE('',#637,#645,#791,.T.);
#492=EDGE_CURVE('',#653,#654,#792,.T.);
#493=EDGE_CURVE('',#654,#648,#793,.T.);
#494=EDGE_CURVE('',#655,#649,#794,.T.);
#495=EDGE_CURVE('',#652,#655,#795,.T.);
#496=EDGE_CURVE('',#655,#654,#796,.T.);
#497=EDGE_CURVE('',#651,#656,#797,.T.);
#498=EDGE_CURVE('',#656,#640,#798,.T.);
#499=EDGE_CURVE('',#657,#641,#799,.T.);
#500=EDGE_CURVE('',#650,#657,#800,.T.);
#501=EDGE_CURVE('',#656,#657,#801,.T.);
#502=EDGE_CURVE('',#658,#659,#802,.T.);
#503=EDGE_CURVE('',#660,#658,#803,.T.);
#504=EDGE_CURVE('',#660,#661,#804,.T.);
#505=EDGE_CURVE('',#661,#659,#805,.T.);
#506=EDGE_CURVE('',#658,#662,#806,.T.);
#507=EDGE_CURVE('',#663,#662,#807,.T.);
#508=EDGE_CURVE('',#660,#663,#808,.T.);
#509=EDGE_CURVE('',#662,#664,#809,.T.);
#510=EDGE_CURVE('',#665,#664,#810,.T.);
#511=EDGE_CURVE('',#663,#665,#811,.T.);
#512=EDGE_CURVE('',#659,#664,#812,.T.);
#513=EDGE_CURVE('',#661,#665,#813,.T.);
#514=EDGE_CURVE('',#666,#667,#814,.T.);
#515=EDGE_CURVE('',#668,#666,#815,.T.);
#516=EDGE_CURVE('',#668,#669,#816,.T.);
#517=EDGE_CURVE('',#669,#667,#817,.T.);
#518=EDGE_CURVE('',#666,#670,#818,.T.);
#519=EDGE_CURVE('',#671,#670,#819,.T.);
#520=EDGE_CURVE('',#668,#671,#820,.T.);
#521=EDGE_CURVE('',#670,#672,#821,.T.);
#522=EDGE_CURVE('',#673,#672,#822,.T.);
#523=EDGE_CURVE('',#671,#673,#823,.T.);
#524=EDGE_CURVE('',#667,#672,#824,.T.);
#525=EDGE_CURVE('',#669,#673,#825,.T.);
#526=EDGE_CURVE('',#674,#675,#826,.T.);
#527=EDGE_CURVE('',#674,#676,#827,.T.);
#528=EDGE_CURVE('',#676,#677,#828,.T.);
#529=EDGE_CURVE('',#675,#677,#829,.T.);
#530=EDGE_CURVE('',#678,#679,#830,.T.);
#531=EDGE_CURVE('',#678,#680,#831,.T.);
#532=EDGE_CURVE('',#680,#681,#832,.T.);
#533=EDGE_CURVE('',#679,#681,#833,.T.);
#534=EDGE_CURVE('',#682,#683,#834,.T.);
#535=EDGE_CURVE('',#683,#684,#835,.T.);
#536=EDGE_CURVE('',#685,#684,#836,.T.);
#537=EDGE_CURVE('',#682,#685,#837,.T.);
#538=EDGE_CURVE('',#686,#687,#838,.T.);
#539=EDGE_CURVE('',#686,#688,#839,.T.);
#540=EDGE_CURVE('',#688,#689,#840,.T.);
#541=EDGE_CURVE('',#687,#689,#841,.T.);
#542=EDGE_CURVE('',#674,#682,#842,.T.);
#543=EDGE_CURVE('',#675,#683,#843,.T.);
#544=EDGE_CURVE('',#676,#685,#844,.T.);
#545=EDGE_CURVE('',#677,#684,#845,.T.);
#546=EDGE_CURVE('',#687,#680,#846,.T.);
#547=EDGE_CURVE('',#686,#678,#847,.T.);
#548=EDGE_CURVE('',#688,#679,#848,.T.);
#549=EDGE_CURVE('',#689,#681,#849,.T.);
#550=EDGE_CURVE('',#690,#690,#18,.T.);
#551=EDGE_CURVE('',#691,#691,#19,.T.);
#552=EDGE_CURVE('',#692,#692,#20,.T.);
#553=EDGE_CURVE('',#693,#694,#850,.T.);
#554=EDGE_CURVE('',#695,#693,#851,.T.);
#555=EDGE_CURVE('',#696,#695,#852,.T.);
#556=EDGE_CURVE('',#694,#696,#853,.T.);
#557=EDGE_CURVE('',#697,#697,#21,.T.);
#558=EDGE_CURVE('',#698,#698,#22,.T.);
#559=EDGE_CURVE('',#699,#699,#23,.T.);
#560=EDGE_CURVE('',#700,#701,#854,.T.);
#561=EDGE_CURVE('',#702,#700,#855,.T.);
#562=EDGE_CURVE('',#703,#702,#856,.T.);
#563=EDGE_CURVE('',#701,#703,#857,.T.);
#564=EDGE_CURVE('',#704,#704,#24,.F.);
#565=EDGE_CURVE('',#705,#705,#25,.F.);
#566=EDGE_CURVE('',#706,#707,#858,.F.);
#567=EDGE_CURVE('',#706,#708,#859,.F.);
#568=EDGE_CURVE('',#709,#708,#860,.F.);
#569=EDGE_CURVE('',#709,#707,#861,.T.);
#570=EDGE_CURVE('',#710,#711,#26,.T.);
#571=EDGE_CURVE('',#712,#710,#862,.T.);
#572=EDGE_CURVE('',#713,#712,#27,.F.);
#573=EDGE_CURVE('',#713,#714,#863,.T.);
#574=EDGE_CURVE('',#693,#714,#864,.T.);
#575=EDGE_CURVE('',#694,#715,#865,.T.);
#576=EDGE_CURVE('',#715,#711,#866,.T.);
#577=EDGE_CURVE('',#716,#715,#867,.F.);
#578=EDGE_CURVE('',#696,#716,#868,.T.);
#579=EDGE_CURVE('',#714,#717,#869,.F.);
#580=EDGE_CURVE('',#695,#717,#870,.T.);
#581=EDGE_CURVE('',#718,#706,#28,.F.);
#582=EDGE_CURVE('',#718,#716,#871,.T.);
#583=EDGE_CURVE('',#717,#719,#872,.T.);
#584=EDGE_CURVE('',#708,#719,#29,.T.);
#585=EDGE_CURVE('',#711,#718,#873,.F.);
#586=EDGE_CURVE('',#719,#713,#874,.F.);
#587=EDGE_CURVE('',#720,#721,#30,.T.);
#588=EDGE_CURVE('',#721,#713,#875,.T.);
#589=EDGE_CURVE('',#712,#720,#876,.F.);
#590=EDGE_CURVE('',#722,#723,#877,.F.);
#591=EDGE_CURVE('',#703,#723,#878,.T.);
#592=EDGE_CURVE('',#702,#722,#879,.T.);
#593=EDGE_CURVE('',#724,#710,#880,.F.);
#594=EDGE_CURVE('',#724,#720,#881,.F.);
#595=EDGE_CURVE('',#725,#724,#31,.F.);
#596=EDGE_CURVE('',#711,#725,#882,.T.);
#597=EDGE_CURVE('',#726,#722,#883,.F.);
#598=EDGE_CURVE('',#700,#727,#884,.T.);
#599=EDGE_CURVE('',#719,#727,#885,.T.);
#600=EDGE_CURVE('',#728,#721,#886,.T.);
#601=EDGE_CURVE('',#728,#729,#887,.T.);
#602=EDGE_CURVE('',#729,#726,#888,.F.);
#603=EDGE_CURVE('',#727,#709,#32,.F.);
#604=EDGE_CURVE('',#707,#730,#33,.T.);
#605=EDGE_CURVE('',#701,#730,#889,.T.);
#606=EDGE_CURVE('',#730,#718,#890,.T.);
#607=EDGE_CURVE('',#731,#728,#891,.T.);
#608=EDGE_CURVE('',#731,#725,#892,.T.);
#609=EDGE_CURVE('',#723,#732,#893,.F.);
#610=EDGE_CURVE('',#732,#733,#894,.T.);
#611=EDGE_CURVE('',#733,#731,#895,.T.);
#612=EDGE_CURVE('',#732,#726,#896,.T.);
#613=EDGE_CURVE('',#729,#733,#897,.F.);
#614=VERTEX_POINT('',#1927);
#615=VERTEX_POINT('',#1928);
#616=VERTEX_POINT('',#1930);
#617=VERTEX_POINT('',#1932);
#618=VERTEX_POINT('',#1936);
#619=VERTEX_POINT('',#1938);
#620=VERTEX_POINT('',#1942);
#621=VERTEX_POINT('',#1944);
#622=VERTEX_POINT('',#1954);
#623=VERTEX_POINT('',#1955);
#624=VERTEX_POINT('',#1957);
#625=VERTEX_POINT('',#1959);
#626=VERTEX_POINT('',#1963);
#627=VERTEX_POINT('',#1965);
#628=VERTEX_POINT('',#1969);
#629=VERTEX_POINT('',#1971);
#630=VERTEX_POINT('',#1978);
#631=VERTEX_POINT('',#1979);
#632=VERTEX_POINT('',#1981);
#633=VERTEX_POINT('',#1983);
#634=VERTEX_POINT('',#1985);
#635=VERTEX_POINT('',#1987);
#636=VERTEX_POINT('',#1989);
#637=VERTEX_POINT('',#1991);
#638=VERTEX_POINT('',#1995);
#639=VERTEX_POINT('',#1996);
#640=VERTEX_POINT('',#1998);
#641=VERTEX_POINT('',#2000);
#642=VERTEX_POINT('',#2002);
#643=VERTEX_POINT('',#2004);
#644=VERTEX_POINT('',#2006);
#645=VERTEX_POINT('',#2008);
#646=VERTEX_POINT('',#2010);
#647=VERTEX_POINT('',#2012);
#648=VERTEX_POINT('',#2014);
#649=VERTEX_POINT('',#2016);
#650=VERTEX_POINT('',#2025);
#651=VERTEX_POINT('',#2027);
#652=VERTEX_POINT('',#2034);
#653=VERTEX_POINT('',#2036);
#654=VERTEX_POINT('',#2046);
#655=VERTEX_POINT('',#2050);
#656=VERTEX_POINT('',#2057);
#657=VERTEX_POINT('',#2061);
#658=VERTEX_POINT('',#2069);
#659=VERTEX_POINT('',#2070);
#660=VERTEX_POINT('',#2072);
#661=VERTEX_POINT('',#2074);
#662=VERTEX_POINT('',#2078);
#663=VERTEX_POINT('',#2080);
#664=VERTEX_POINT('',#2084);
#665=VERTEX_POINT('',#2086);
#666=VERTEX_POINT('',#2096);
#667=VERTEX_POINT('',#2097);
#668=VERTEX_POINT('',#2099);
#669=VERTEX_POINT('',#2101);
#670=VERTEX_POINT('',#2105);
#671=VERTEX_POINT('',#2107);
#672=VERTEX_POINT('',#2111);
#673=VERTEX_POINT('',#2113);
#674=VERTEX_POINT('',#2124);
#675=VERTEX_POINT('',#2125);
#676=VERTEX_POINT('',#2127);
#677=VERTEX_POINT('',#2129);
#678=VERTEX_POINT('',#2132);
#679=VERTEX_POINT('',#2133);
#680=VERTEX_POINT('',#2135);
#681=VERTEX_POINT('',#2137);
#682=VERTEX_POINT('',#2141);
#683=VERTEX_POINT('',#2142);
#684=VERTEX_POINT('',#2144);
#685=VERTEX_POINT('',#2146);
#686=VERTEX_POINT('',#2149);
#687=VERTEX_POINT('',#2150);
#688=VERTEX_POINT('',#2152);
#689=VERTEX_POINT('',#2154);
#690=VERTEX_POINT('',#2175);
#691=VERTEX_POINT('',#2177);
#692=VERTEX_POINT('',#2179);
#693=VERTEX_POINT('',#2181);
#694=VERTEX_POINT('',#2182);
#695=VERTEX_POINT('',#2184);
#696=VERTEX_POINT('',#2186);
#697=VERTEX_POINT('',#2189);
#698=VERTEX_POINT('',#2192);
#699=VERTEX_POINT('',#2194);
#700=VERTEX_POINT('',#2196);
#701=VERTEX_POINT('',#2197);
#702=VERTEX_POINT('',#2199);
#703=VERTEX_POINT('',#2201);
#704=VERTEX_POINT('',#2204);
#705=VERTEX_POINT('',#2206);
#706=VERTEX_POINT('',#2209);
#707=VERTEX_POINT('',#2210);
#708=VERTEX_POINT('',#2212);
#709=VERTEX_POINT('',#2214);
#710=VERTEX_POINT('',#2218);
#711=VERTEX_POINT('',#2219);
#712=VERTEX_POINT('',#2221);
#713=VERTEX_POINT('',#2223);
#714=VERTEX_POINT('',#2225);
#715=VERTEX_POINT('',#2228);
#716=VERTEX_POINT('',#2232);
#717=VERTEX_POINT('',#2236);
#718=VERTEX_POINT('',#2240);
#719=VERTEX_POINT('',#2243);
#720=VERTEX_POINT('',#2251);
#721=VERTEX_POINT('',#2252);
#722=VERTEX_POINT('',#2257);
#723=VERTEX_POINT('',#2258);
#724=VERTEX_POINT('',#2263);
#725=VERTEX_POINT('',#2267);
#726=VERTEX_POINT('',#2271);
#727=VERTEX_POINT('',#2273);
#728=VERTEX_POINT('',#2276);
#729=VERTEX_POINT('',#2278);
#730=VERTEX_POINT('',#2284);
#731=VERTEX_POINT('',#2290);
#732=VERTEX_POINT('',#2294);
#733=VERTEX_POINT('',#2296);
#734=LINE('',#1926,#898);
#735=LINE('',#1929,#899);
#736=LINE('',#1931,#900);
#737=LINE('',#1933,#901);
#738=LINE('',#1935,#902);
#739=LINE('',#1937,#903);
#740=LINE('',#1939,#904);
#741=LINE('',#1941,#905);
#742=LINE('',#1943,#906);
#743=LINE('',#1945,#907);
#744=LINE('',#1947,#908);
#745=LINE('',#1948,#909);
#746=LINE('',#1953,#910);
#747=LINE('',#1956,#911);
#748=LINE('',#1958,#912);
#749=LINE('',#1960,#913);
#750=LINE('',#1962,#914);
#751=LINE('',#1964,#915);
#752=LINE('',#1966,#916);
#753=LINE('',#1968,#917);
#754=LINE('',#1970,#918);
#755=LINE('',#1972,#919);
#756=LINE('',#1974,#920);
#757=LINE('',#1975,#921);
#758=LINE('',#1977,#922);
#759=LINE('',#1980,#923);
#760=LINE('',#1982,#924);
#761=LINE('',#1984,#925);
#762=LINE('',#1986,#926);
#763=LINE('',#1988,#927);
#764=LINE('',#1990,#928);
#765=LINE('',#1992,#929);
#766=LINE('',#1994,#930);
#767=LINE('',#1997,#931);
#768=LINE('',#1999,#932);
#769=LINE('',#2001,#933);
#770=LINE('',#2003,#934);
#771=LINE('',#2005,#935);
#772=LINE('',#2007,#936);
#773=LINE('',#2009,#937);
#774=LINE('',#2011,#938);
#775=LINE('',#2013,#939);
#776=LINE('',#2015,#940);
#777=LINE('',#2017,#941);
#778=LINE('',#2019,#942);
#779=LINE('',#2020,#943);
#780=LINE('',#2022,#944);
#781=LINE('',#2024,#945);
#782=LINE('',#2026,#946);
#783=LINE('',#2028,#947);
#784=LINE('',#2029,#948);
#785=LINE('',#2031,#949);
#786=LINE('',#2033,#950);
#787=LINE('',#2035,#951);
#788=LINE('',#2037,#952);
#789=LINE('',#2038,#953);
#790=LINE('',#2040,#954);
#791=LINE('',#2042,#955);
#792=LINE('',#2045,#956);
#793=LINE('',#2047,#957);
#794=LINE('',#2049,#958);
#795=LINE('',#2051,#959);
#796=LINE('',#2053,#960);
#797=LINE('',#2056,#961);
#798=LINE('',#2058,#962);
#799=LINE('',#2060,#963);
#800=LINE('',#2062,#964);
#801=LINE('',#2064,#965);
#802=LINE('',#2068,#966);
#803=LINE('',#2071,#967);
#804=LINE('',#2073,#968);
#805=LINE('',#2075,#969);
#806=LINE('',#2077,#970);
#807=LINE('',#2079,#971);
#808=LINE('',#2081,#972);
#809=LINE('',#2083,#973);
#810=LINE('',#2085,#974);
#811=LINE('',#2087,#975);
#812=LINE('',#2089,#976);
#813=LINE('',#2090,#977);
#814=LINE('',#2095,#978);
#815=LINE('',#2098,#979);
#816=LINE('',#2100,#980);
#817=LINE('',#2102,#981);
#818=LINE('',#2104,#982);
#819=LINE('',#2106,#983);
#820=LINE('',#2108,#984);
#821=LINE('',#2110,#985);
#822=LINE('',#2112,#986);
#823=LINE('',#2114,#987);
#824=LINE('',#2116,#988);
#825=LINE('',#2117,#989);
#826=LINE('',#2123,#990);
#827=LINE('',#2126,#991);
#828=LINE('',#2128,#992);
#829=LINE('',#2130,#993);
#830=LINE('',#2131,#994);
#831=LINE('',#2134,#995);
#832=LINE('',#2136,#996);
#833=LINE('',#2138,#997);
#834=LINE('',#2140,#998);
#835=LINE('',#2143,#999);
#836=LINE('',#2145,#1000);
#837=LINE('',#2147,#1001);
#838=LINE('',#2148,#1002);
#839=LINE('',#2151,#1003);
#840=LINE('',#2153,#1004);
#841=LINE('',#2155,#1005);
#842=LINE('',#2157,#1006);
#843=LINE('',#2158,#1007);
#844=LINE('',#2160,#1008);
#845=LINE('',#2162,#1009);
#846=LINE('',#2165,#1010);
#847=LINE('',#2166,#1011);
#848=LINE('',#2168,#1012);
#849=LINE('',#2170,#1013);
#850=LINE('',#2180,#1014);
#851=LINE('',#2183,#1015);
#852=LINE('',#2185,#1016);
#853=LINE('',#2187,#1017);
#854=LINE('',#2195,#1018);
#855=LINE('',#2198,#1019);
#856=LINE('',#2200,#1020);
#857=LINE('',#2202,#1021);
#858=LINE('',#2208,#1022);
#859=LINE('',#2211,#1023);
#860=LINE('',#2213,#1024);
#861=LINE('',#2215,#1025);
#862=LINE('',#2220,#1026);
#863=LINE('',#2224,#1027);
#864=LINE('',#2226,#1028);
#865=LINE('',#2227,#1029);
#866=LINE('',#2229,#1030);
#867=LINE('',#2231,#1031);
#868=LINE('',#2233,#1032);
#869=LINE('',#2235,#1033);
#870=LINE('',#2237,#1034);
#871=LINE('',#2241,#1035);
#872=LINE('',#2242,#1036);
#873=LINE('',#2246,#1037);
#874=LINE('',#2248,#1038);
#875=LINE('',#2253,#1039);
#876=LINE('',#2254,#1040);
#877=LINE('',#2256,#1041);
#878=LINE('',#2259,#1042);
#879=LINE('',#2260,#1043);
#880=LINE('',#2262,#1044);
#881=LINE('',#2264,#1045);
#882=LINE('',#2268,#1046);
#883=LINE('',#2270,#1047);
#884=LINE('',#2272,#1048);
#885=LINE('',#2274,#1049);
#886=LINE('',#2275,#1050);
#887=LINE('',#2277,#1051);
#888=LINE('',#2279,#1052);
#889=LINE('',#2285,#1053);
#890=LINE('',#2287,#1054);
#891=LINE('',#2289,#1055);
#892=LINE('',#2291,#1056);
#893=LINE('',#2293,#1057);
#894=LINE('',#2295,#1058);
#895=LINE('',#2297,#1059);
#896=LINE('',#2299,#1060);
#897=LINE('',#2301,#1061);
#898=VECTOR('',#1564,1.);
#899=VECTOR('',#1565,1.);
#900=VECTOR('',#1566,1.);
#901=VECTOR('',#1567,1.);
#902=VECTOR('',#1570,1.);
#903=VECTOR('',#1571,1.);
#904=VECTOR('',#1572,1.);
#905=VECTOR('',#1575,1.);
#906=VECTOR('',#1576,1.);
#907=VECTOR('',#1577,1.);
#908=VECTOR('',#1580,1.);
#909=VECTOR('',#1581,1.);
#910=VECTOR('',#1590,1.);
#911=VECTOR('',#1591,1.);
#912=VECTOR('',#1592,1.);
#913=VECTOR('',#1593,1.);
#914=VECTOR('',#1596,1.);
#915=VECTOR('',#1597,1.);
#916=VECTOR('',#1598,1.);
#917=VECTOR('',#1601,1.);
#918=VECTOR('',#1602,1.);
#919=VECTOR('',#1603,1.);
#920=VECTOR('',#1606,1.);
#921=VECTOR('',#1607,1.);
#922=VECTOR('',#1610,1.);
#923=VECTOR('',#1611,1.);
#924=VECTOR('',#1612,1.);
#925=VECTOR('',#1613,1.);
#926=VECTOR('',#1614,1.);
#927=VECTOR('',#1615,1.);
#928=VECTOR('',#1616,1.);
#929=VECTOR('',#1617,1.);
#930=VECTOR('',#1620,1.);
#931=VECTOR('',#1621,1.);
#932=VECTOR('',#1622,1.);
#933=VECTOR('',#1623,1.);
#934=VECTOR('',#1624,1.);
#935=VECTOR('',#1625,1.);
#936=VECTOR('',#1626,1.);
#937=VECTOR('',#1627,1.);
#938=VECTOR('',#1628,1.);
#939=VECTOR('',#1629,1.);
#940=VECTOR('',#1630,1.);
#941=VECTOR('',#1631,1.);
#942=VECTOR('',#1634,1.);
#943=VECTOR('',#1635,1.);
#944=VECTOR('',#1638,1.);
#945=VECTOR('',#1641,1.);
#946=VECTOR('',#1642,1.);
#947=VECTOR('',#1643,1.);
#948=VECTOR('',#1644,1.);
#949=VECTOR('',#1647,1.);
#950=VECTOR('',#1650,1.);
#951=VECTOR('',#1651,1.);
#952=VECTOR('',#1652,1.);
#953=VECTOR('',#1653,1.);
#954=VECTOR('',#1656,1.);
#955=VECTOR('',#1659,1.);
#956=VECTOR('',#1664,1.);
#957=VECTOR('',#1665,1.);
#958=VECTOR('',#1668,1.);
#959=VECTOR('',#1669,1.);
#960=VECTOR('',#1672,1.);
#961=VECTOR('',#1677,1.);
#962=VECTOR('',#1678,1.);
#963=VECTOR('',#1681,1.);
#964=VECTOR('',#1682,1.);
#965=VECTOR('',#1685,1.);
#966=VECTOR('',#1692,1.);
#967=VECTOR('',#1693,1.);
#968=VECTOR('',#1694,1.);
#969=VECTOR('',#1695,1.);
#970=VECTOR('',#1698,1.);
#971=VECTOR('',#1699,1.);
#972=VECTOR('',#1700,1.);
#973=VECTOR('',#1703,1.);
#974=VECTOR('',#1704,1.);
#975=VECTOR('',#1705,1.);
#976=VECTOR('',#1708,1.);
#977=VECTOR('',#1709,1.);
#978=VECTOR('',#1718,1.);
#979=VECTOR('',#1719,1.);
#980=VECTOR('',#1720,1.);
#981=VECTOR('',#1721,1.);
#982=VECTOR('',#1724,1.);
#983=VECTOR('',#1725,1.);
#984=VECTOR('',#1726,1.);
#985=VECTOR('',#1729,1.);
#986=VECTOR('',#1730,1.);
#987=VECTOR('',#1731,1.);
#988=VECTOR('',#1734,1.);
#989=VECTOR('',#1735,1.);
#990=VECTOR('',#1746,1.);
#991=VECTOR('',#1747,1.);
#992=VECTOR('',#1748,1.);
#993=VECTOR('',#1749,1.);
#994=VECTOR('',#1750,1.);
#995=VECTOR('',#1751,1.);
#996=VECTOR('',#1752,1.);
#997=VECTOR('',#1753,1.);
#998=VECTOR('',#1756,1.);
#999=VECTOR('',#1757,1.);
#1000=VECTOR('',#1758,1.);
#1001=VECTOR('',#1759,1.);
#1002=VECTOR('',#1760,1.);
#1003=VECTOR('',#1761,1.);
#1004=VECTOR('',#1762,1.);
#1005=VECTOR('',#1763,1.);
#1006=VECTOR('',#1766,1.);
#1007=VECTOR('',#1767,1.);
#1008=VECTOR('',#1770,1.);
#1009=VECTOR('',#1773,1.);
#1010=VECTOR('',#1778,1.);
#1011=VECTOR('',#1779,1.);
#1012=VECTOR('',#1782,1.);
#1013=VECTOR('',#1785,1.);
#1014=VECTOR('',#1798,1.);
#1015=VECTOR('',#1799,1.);
#1016=VECTOR('',#1800,1.);
#1017=VECTOR('',#1801,1.);
#1018=VECTOR('',#1810,1.);
#1019=VECTOR('',#1811,1.);
#1020=VECTOR('',#1812,1.);
#1021=VECTOR('',#1813,1.);
#1022=VECTOR('',#1820,1.);
#1023=VECTOR('',#1821,1.);
#1024=VECTOR('',#1822,1.);
#1025=VECTOR('',#1823,1.);
#1026=VECTOR('',#1828,1.);
#1027=VECTOR('',#1831,1.);
#1028=VECTOR('',#1832,1.);
#1029=VECTOR('',#1833,1.);
#1030=VECTOR('',#1834,1.);
#1031=VECTOR('',#1837,1.);
#1032=VECTOR('',#1838,1.);
#1033=VECTOR('',#1841,1.);
#1034=VECTOR('',#1842,1.);
#1035=VECTOR('',#1847,1.);
#1036=VECTOR('',#1848,1.);
#1037=VECTOR('',#1853,1.);
#1038=VECTOR('',#1856,1.);
#1039=VECTOR('',#1861,1.);
#1040=VECTOR('',#1862,1.);
#1041=VECTOR('',#1865,1.);
#1042=VECTOR('',#1866,1.);
#1043=VECTOR('',#1867,1.);
#1044=VECTOR('',#1870,1.);
#1045=VECTOR('',#1871,1.);
#1046=VECTOR('',#1876,1.);
#1047=VECTOR('',#1879,1.);
#1048=VECTOR('',#1880,1.);
#1049=VECTOR('',#1881,1.);
#1050=VECTOR('',#1882,1.);
#1051=VECTOR('',#1883,1.);
#1052=VECTOR('',#1884,1.);
#1053=VECTOR('',#1893,1.);
#1054=VECTOR('',#1896,1.);
#1055=VECTOR('',#1899,1.);
#1056=VECTOR('',#1900,1.);
#1057=VECTOR('',#1903,1.);
#1058=VECTOR('',#1904,1.);
#1059=VECTOR('',#1905,1.);
#1060=VECTOR('',#1908,1.);
#1061=VECTOR('',#1911,1.);
#1062=EDGE_LOOP('',(#74,#75,#76,#77));
#1063=EDGE_LOOP('',(#78,#79,#80,#81));
#1064=EDGE_LOOP('',(#82,#83,#84,#85));
#1065=EDGE_LOOP('',(#86,#87,#88,#89));
#1066=EDGE_LOOP('',(#90,#91,#92,#93));
#1067=EDGE_LOOP('',(#94,#95,#96,#97));
#1068=EDGE_LOOP('',(#98,#99,#100,#101));
#1069=EDGE_LOOP('',(#102,#103,#104,#105));
#1070=EDGE_LOOP('',(#106,#107,#108,#109));
#1071=EDGE_LOOP('',(#110,#111,#112,#113));
#1072=EDGE_LOOP('',(#114,#115,#116,#117,#118,#119,#120,#121));
#1073=EDGE_LOOP('',(#122,#123,#124,#125));
#1074=EDGE_LOOP('',(#126,#127,#128,#129,#130,#131,#132,#133,#134,#135,#136,
#137));
#1075=EDGE_LOOP('',(#138,#139,#140,#141));
#1076=EDGE_LOOP('',(#142,#143,#144,#145));
#1077=EDGE_LOOP('',(#146,#147,#148,#149));
#1078=EDGE_LOOP('',(#150,#151,#152,#153,#154,#155));
#1079=EDGE_LOOP('',(#156,#157,#158,#159));
#1080=EDGE_LOOP('',(#160,#161,#162,#163,#164,#165));
#1081=EDGE_LOOP('',(#166,#167,#168,#169));
#1082=EDGE_LOOP('',(#170,#171,#172,#173));
#1083=EDGE_LOOP('',(#174,#175,#176,#177));
#1084=EDGE_LOOP('',(#178,#179,#180,#181));
#1085=EDGE_LOOP('',(#182,#183,#184,#185));
#1086=EDGE_LOOP('',(#186,#187,#188,#189));
#1087=EDGE_LOOP('',(#190,#191,#192,#193));
#1088=EDGE_LOOP('',(#194,#195,#196,#197));
#1089=EDGE_LOOP('',(#198,#199,#200,#201));
#1090=EDGE_LOOP('',(#202,#203,#204,#205));
#1091=EDGE_LOOP('',(#206,#207,#208,#209));
#1092=EDGE_LOOP('',(#210,#211,#212,#213));
#1093=EDGE_LOOP('',(#214,#215,#216,#217));
#1094=EDGE_LOOP('',(#218,#219,#220,#221));
#1095=EDGE_LOOP('',(#222,#223,#224,#225));
#1096=EDGE_LOOP('',(#226,#227,#228,#229));
#1097=EDGE_LOOP('',(#230,#231,#232,#233));
#1098=EDGE_LOOP('',(#234,#235,#236,#237));
#1099=EDGE_LOOP('',(#238,#239,#240,#241));
#1100=EDGE_LOOP('',(#242,#243,#244,#245));
#1101=EDGE_LOOP('',(#246,#247,#248,#249));
#1102=EDGE_LOOP('',(#250,#251,#252,#253));
#1103=EDGE_LOOP('',(#254,#255,#256,#257));
#1104=EDGE_LOOP('',(#258,#259,#260,#261));
#1105=EDGE_LOOP('',(#262,#263,#264,#265));
#1106=EDGE_LOOP('',(#266,#267,#268,#269));
#1107=EDGE_LOOP('',(#270,#271,#272,#273));
#1108=EDGE_LOOP('',(#274,#275,#276,#277));
#1109=EDGE_LOOP('',(#278,#279,#280,#281));
#1110=EDGE_LOOP('',(#282,#283,#284,#285));
#1111=EDGE_LOOP('',(#286,#287,#288,#289));
#1112=EDGE_LOOP('',(#290,#291,#292,#293));
#1113=EDGE_LOOP('',(#294,#295,#296,#297));
#1114=EDGE_LOOP('',(#298,#299,#300,#301));
#1115=EDGE_LOOP('',(#302,#303,#304,#305));
#1116=EDGE_LOOP('',(#306));
#1117=EDGE_LOOP('',(#307));
#1118=EDGE_LOOP('',(#308));
#1119=EDGE_LOOP('',(#309,#310,#311,#312));
#1120=EDGE_LOOP('',(#313));
#1121=EDGE_LOOP('',(#314));
#1122=EDGE_LOOP('',(#315));
#1123=EDGE_LOOP('',(#316,#317,#318,#319));
#1124=EDGE_LOOP('',(#320));
#1125=EDGE_LOOP('',(#321));
#1126=EDGE_LOOP('',(#322,#323,#324,#325));
#1127=EDGE_LOOP('',(#326,#327,#328,#329,#330,#331,#332,#333));
#1128=EDGE_LOOP('',(#334,#335,#336,#337));
#1129=EDGE_LOOP('',(#338,#339,#340,#341));
#1130=EDGE_LOOP('',(#342,#343,#344,#345,#346,#347,#348,#349));
#1131=EDGE_LOOP('',(#350,#351,#352,#353));
#1132=EDGE_LOOP('',(#354,#355,#356,#357));
#1133=EDGE_LOOP('',(#358,#359,#360,#361));
#1134=EDGE_LOOP('',(#362,#363,#364,#365));
#1135=EDGE_LOOP('',(#366,#367,#368,#369));
#1136=EDGE_LOOP('',(#370,#371,#372,#373));
#1137=EDGE_LOOP('',(#374,#375,#376,#377,#378,#379,#380,#381,#382,#383));
#1138=EDGE_LOOP('',(#384,#385,#386,#387));
#1139=EDGE_LOOP('',(#388,#389,#390,#391,#392,#393));
#1140=EDGE_LOOP('',(#394,#395,#396,#397));
#1141=EDGE_LOOP('',(#398,#399,#400,#401,#402,#403));
#1142=EDGE_LOOP('',(#404,#405,#406,#407,#408,#409,#410,#411,#412,#413));
#1143=EDGE_LOOP('',(#414,#415,#416,#417));
#1144=EDGE_LOOP('',(#418,#419,#420,#421));
#1145=EDGE_LOOP('',(#422,#423,#424,#425));
#1146=EDGE_LOOP('',(#426));
#1147=EDGE_LOOP('',(#427));
#1148=EDGE_LOOP('',(#428));
#1149=EDGE_LOOP('',(#429));
#1150=EDGE_LOOP('',(#430));
#1151=EDGE_LOOP('',(#431));
#1152=EDGE_LOOP('',(#432));
#1153=EDGE_LOOP('',(#433));
#1154=FACE_BOUND('',#1062,.T.);
#1155=FACE_BOUND('',#1063,.T.);
#1156=FACE_BOUND('',#1064,.T.);
#1157=FACE_BOUND('',#1065,.T.);
#1158=FACE_BOUND('',#1066,.T.);
#1159=FACE_BOUND('',#1067,.T.);
#1160=FACE_BOUND('',#1068,.T.);
#1161=FACE_BOUND('',#1069,.T.);
#1162=FACE_BOUND('',#1070,.T.);
#1163=FACE_BOUND('',#1071,.T.);
#1164=FACE_BOUND('',#1072,.T.);
#1165=FACE_BOUND('',#1073,.T.);
#1166=FACE_BOUND('',#1074,.T.);
#1167=FACE_BOUND('',#1075,.T.);
#1168=FACE_BOUND('',#1076,.T.);
#1169=FACE_BOUND('',#1077,.T.);
#1170=FACE_BOUND('',#1078,.T.);
#1171=FACE_BOUND('',#1079,.T.);
#1172=FACE_BOUND('',#1080,.T.);
#1173=FACE_BOUND('',#1081,.T.);
#1174=FACE_BOUND('',#1082,.T.);
#1175=FACE_BOUND('',#1083,.T.);
#1176=FACE_BOUND('',#1084,.T.);
#1177=FACE_BOUND('',#1085,.T.);
#1178=FACE_BOUND('',#1086,.T.);
#1179=FACE_BOUND('',#1087,.T.);
#1180=FACE_BOUND('',#1088,.T.);
#1181=FACE_BOUND('',#1089,.T.);
#1182=FACE_BOUND('',#1090,.T.);
#1183=FACE_BOUND('',#1091,.T.);
#1184=FACE_BOUND('',#1092,.T.);
#1185=FACE_BOUND('',#1093,.T.);
#1186=FACE_BOUND('',#1094,.T.);
#1187=FACE_BOUND('',#1095,.T.);
#1188=FACE_BOUND('',#1096,.T.);
#1189=FACE_BOUND('',#1097,.T.);
#1190=FACE_BOUND('',#1098,.T.);
#1191=FACE_BOUND('',#1099,.T.);
#1192=FACE_BOUND('',#1100,.T.);
#1193=FACE_BOUND('',#1101,.T.);
#1194=FACE_BOUND('',#1102,.T.);
#1195=FACE_BOUND('',#1103,.T.);
#1196=FACE_BOUND('',#1104,.T.);
#1197=FACE_BOUND('',#1105,.T.);
#1198=FACE_BOUND('',#1106,.T.);
#1199=FACE_BOUND('',#1107,.T.);
#1200=FACE_BOUND('',#1108,.T.);
#1201=FACE_BOUND('',#1109,.T.);
#1202=FACE_BOUND('',#1110,.T.);
#1203=FACE_BOUND('',#1111,.T.);
#1204=FACE_BOUND('',#1112,.T.);
#1205=FACE_BOUND('',#1113,.T.);
#1206=FACE_BOUND('',#1114,.T.);
#1207=FACE_BOUND('',#1115,.T.);
#1208=FACE_BOUND('',#1116,.T.);
#1209=FACE_BOUND('',#1117,.T.);
#1210=FACE_BOUND('',#1118,.T.);
#1211=FACE_BOUND('',#1119,.T.);
#1212=FACE_BOUND('',#1120,.T.);
#1213=FACE_BOUND('',#1121,.T.);
#1214=FACE_BOUND('',#1122,.T.);
#1215=FACE_BOUND('',#1123,.T.);
#1216=FACE_BOUND('',#1124,.T.);
#1217=FACE_BOUND('',#1125,.T.);
#1218=FACE_BOUND('',#1126,.T.);
#1219=FACE_BOUND('',#1127,.T.);
#1220=FACE_BOUND('',#1128,.T.);
#1221=FACE_BOUND('',#1129,.T.);
#1222=FACE_BOUND('',#1130,.T.);
#1223=FACE_BOUND('',#1131,.T.);
#1224=FACE_BOUND('',#1132,.T.);
#1225=FACE_BOUND('',#1133,.T.);
#1226=FACE_BOUND('',#1134,.T.);
#1227=FACE_BOUND('',#1135,.T.);
#1228=FACE_BOUND('',#1136,.T.);
#1229=FACE_BOUND('',#1137,.T.);
#1230=FACE_BOUND('',#1138,.T.);
#1231=FACE_BOUND('',#1139,.T.);
#1232=FACE_BOUND('',#1140,.T.);
#1233=FACE_BOUND('',#1141,.T.);
#1234=FACE_BOUND('',#1142,.T.);
#1235=FACE_BOUND('',#1143,.T.);
#1236=FACE_BOUND('',#1144,.T.);
#1237=FACE_BOUND('',#1145,.T.);
#1238=FACE_BOUND('',#1146,.T.);
#1239=FACE_BOUND('',#1147,.T.);
#1240=FACE_BOUND('',#1148,.T.);
#1241=FACE_BOUND('',#1149,.T.);
#1242=FACE_BOUND('',#1150,.T.);
#1243=FACE_BOUND('',#1151,.T.);
#1244=FACE_BOUND('',#1152,.T.);
#1245=FACE_BOUND('',#1153,.T.);
#1246=PLANE('',#1461);
#1247=PLANE('',#1462);
#1248=PLANE('',#1463);
#1249=PLANE('',#1464);
#1250=PLANE('',#1465);
#1251=PLANE('',#1466);
#1252=PLANE('',#1468);
#1253=PLANE('',#1469);
#1254=PLANE('',#1470);
#1255=PLANE('',#1471);
#1256=PLANE('',#1472);
#1257=PLANE('',#1473);
#1258=PLANE('',#1474);
#1259=PLANE('',#1475);
#1260=PLANE('',#1476);
#1261=PLANE('',#1477);
#1262=PLANE('',#1478);
#1263=PLANE('',#1479);
#1264=PLANE('',#1480);
#1265=PLANE('',#1481);
#1266=PLANE('',#1482);
#1267=PLANE('',#1483);
#1268=PLANE('',#1484);
#1269=PLANE('',#1485);
#1270=PLANE('',#1486);
#1271=PLANE('',#1487);
#1272=PLANE('',#1488);
#1273=PLANE('',#1489);
#1274=PLANE('',#1491);
#1275=PLANE('',#1492);
#1276=PLANE('',#1493);
#1277=PLANE('',#1494);
#1278=PLANE('',#1495);
#1279=PLANE('',#1496);
#1280=PLANE('',#1498);
#1281=PLANE('',#1499);
#1282=PLANE('',#1500);
#1283=PLANE('',#1501);
#1284=PLANE('',#1502);
#1285=PLANE('',#1503);
#1286=PLANE('',#1506);
#1287=PLANE('',#1507);
#1288=PLANE('',#1508);
#1289=PLANE('',#1509);
#1290=PLANE('',#1510);
#1291=PLANE('',#1511);
#1292=PLANE('',#1512);
#1293=PLANE('',#1513);
#1294=PLANE('',#1514);
#1295=PLANE('',#1515);
#1296=PLANE('',#1517);
#1297=PLANE('',#1522);
#1298=PLANE('',#1527);
#1299=PLANE('',#1528);
#1300=PLANE('',#1531);
#1301=PLANE('',#1532);
#1302=PLANE('',#1533);
#1303=PLANE('',#1536);
#1304=PLANE('',#1537);
#1305=PLANE('',#1540);
#1306=PLANE('',#1541);
#1307=PLANE('',#1544);
#1308=PLANE('',#1547);
#1309=PLANE('',#1550);
#1310=PLANE('',#1551);
#1311=PLANE('',#1552);
#1312=PLANE('',#1553);
#1313=PLANE('',#1554);
#1314=ADVANCED_FACE('',(#1154),#1246,.T.);
#1315=ADVANCED_FACE('',(#1155),#1247,.F.);
#1316=ADVANCED_FACE('',(#1156),#1248,.F.);
#1317=ADVANCED_FACE('',(#1157),#1249,.T.);
#1318=ADVANCED_FACE('',(#1158),#1250,.T.);
#1319=ADVANCED_FACE('',(#1159),#1251,.F.);
#1320=ADVANCED_FACE('',(#1160),#1252,.T.);
#1321=ADVANCED_FACE('',(#1161),#1253,.F.);
#1322=ADVANCED_FACE('',(#1162),#1254,.F.);
#1323=ADVANCED_FACE('',(#1163),#1255,.T.);
#1324=ADVANCED_FACE('',(#1164,#1165),#1256,.T.);
#1325=ADVANCED_FACE('',(#1166,#1167),#1257,.F.);
#1326=ADVANCED_FACE('',(#1168),#1258,.F.);
#1327=ADVANCED_FACE('',(#1169),#1259,.F.);
#1328=ADVANCED_FACE('',(#1170),#1260,.T.);
#1329=ADVANCED_FACE('',(#1171),#1261,.F.);
#1330=ADVANCED_FACE('',(#1172),#1262,.F.);
#1331=ADVANCED_FACE('',(#1173),#1263,.T.);
#1332=ADVANCED_FACE('',(#1174),#1264,.T.);
#1333=ADVANCED_FACE('',(#1175),#1265,.T.);
#1334=ADVANCED_FACE('',(#1176),#1266,.T.);
#1335=ADVANCED_FACE('',(#1177),#1267,.F.);
#1336=ADVANCED_FACE('',(#1178),#1268,.F.);
#1337=ADVANCED_FACE('',(#1179),#1269,.T.);
#1338=ADVANCED_FACE('',(#1180),#1270,.T.);
#1339=ADVANCED_FACE('',(#1181),#1271,.F.);
#1340=ADVANCED_FACE('',(#1182),#1272,.T.);
#1341=ADVANCED_FACE('',(#1183),#1273,.T.);
#1342=ADVANCED_FACE('',(#1184),#1274,.T.);
#1343=ADVANCED_FACE('',(#1185),#1275,.F.);
#1344=ADVANCED_FACE('',(#1186),#1276,.F.);
#1345=ADVANCED_FACE('',(#1187),#1277,.T.);
#1346=ADVANCED_FACE('',(#1188),#1278,.T.);
#1347=ADVANCED_FACE('',(#1189),#1279,.F.);
#1348=ADVANCED_FACE('',(#1190),#1280,.T.);
#1349=ADVANCED_FACE('',(#1191),#1281,.F.);
#1350=ADVANCED_FACE('',(#1192),#1282,.F.);
#1351=ADVANCED_FACE('',(#1193),#1283,.T.);
#1352=ADVANCED_FACE('',(#1194),#1284,.T.);
#1353=ADVANCED_FACE('',(#1195),#1285,.F.);
#1354=ADVANCED_FACE('',(#1196,#1197),#1286,.T.);
#1355=ADVANCED_FACE('',(#1198,#1199),#1287,.F.);
#1356=ADVANCED_FACE('',(#1200),#1288,.T.);
#1357=ADVANCED_FACE('',(#1201),#1289,.F.);
#1358=ADVANCED_FACE('',(#1202),#1290,.F.);
#1359=ADVANCED_FACE('',(#1203),#1291,.T.);
#1360=ADVANCED_FACE('',(#1204),#1292,.T.);
#1361=ADVANCED_FACE('',(#1205),#1293,.F.);
#1362=ADVANCED_FACE('',(#1206),#1294,.F.);
#1363=ADVANCED_FACE('',(#1207),#1295,.T.);
#1364=ADVANCED_FACE('',(#1208,#1209,#1210,#1211,#1212),#1296,.T.);
#1365=ADVANCED_FACE('',(#1213,#1214,#1215,#1216,#1217),#1297,.F.);
#1366=ADVANCED_FACE('',(#1218),#1298,.T.);
#1367=ADVANCED_FACE('',(#1219),#1299,.T.);
#1368=ADVANCED_FACE('',(#1220),#1300,.T.);
#1369=ADVANCED_FACE('',(#1221),#1301,.T.);
#1370=ADVANCED_FACE('',(#1222),#1302,.T.);
#1371=ADVANCED_FACE('',(#1223),#1303,.F.);
#1372=ADVANCED_FACE('',(#1224),#1304,.F.);
#1373=ADVANCED_FACE('',(#1225),#10,.T.);
#1374=ADVANCED_FACE('',(#1226),#1305,.T.);
#1375=ADVANCED_FACE('',(#1227),#1306,.T.);
#1376=ADVANCED_FACE('',(#1228),#11,.T.);
#1377=ADVANCED_FACE('',(#1229),#1307,.T.);
#1378=ADVANCED_FACE('',(#1230),#12,.T.);
#1379=ADVANCED_FACE('',(#1231),#1308,.T.);
#1380=ADVANCED_FACE('',(#1232),#13,.T.);
#1381=ADVANCED_FACE('',(#1233),#1309,.T.);
#1382=ADVANCED_FACE('',(#1234),#1310,.T.);
#1383=ADVANCED_FACE('',(#1235),#1311,.F.);
#1384=ADVANCED_FACE('',(#1236),#1312,.T.);
#1385=ADVANCED_FACE('',(#1237),#1313,.F.);
#1386=ADVANCED_FACE('',(#1238,#1239),#14,.F.);
#1387=ADVANCED_FACE('',(#1240,#1241),#15,.F.);
#1388=ADVANCED_FACE('',(#1242,#1243),#16,.F.);
#1389=ADVANCED_FACE('',(#1244,#1245),#17,.F.);
#1390=CLOSED_SHELL('',(#1314,#1315,#1316,#1317,#1318,#1319));
#1391=CLOSED_SHELL('',(#1320,#1321,#1322,#1323,#1324,#1325,#1326,#1327,
#1328,#1329,#1330,#1331,#1332,#1333,#1334,#1335,#1336,#1337,#1338,#1339,
#1340,#1341));
#1392=CLOSED_SHELL('',(#1342,#1343,#1344,#1345,#1346,#1347));
#1393=CLOSED_SHELL('',(#1348,#1349,#1350,#1351,#1352,#1353));
#1394=CLOSED_SHELL('',(#1354,#1355,#1356,#1357,#1358,#1359,#1360,#1361,
#1362,#1363));
#1395=CLOSED_SHELL('',(#1364,#1365,#1366,#1367,#1368,#1369,#1370,#1371,
#1372,#1373,#1374,#1375,#1376,#1377,#1378,#1379,#1380,#1381,#1382,#1383,
#1384,#1385,#1386,#1387,#1388,#1389));
#1396=STYLED_ITEM('',(#1402),#1440);
#1397=STYLED_ITEM('',(#1403),#1441);
#1398=STYLED_ITEM('',(#1404),#1442);
#1399=STYLED_ITEM('',(#1405),#1443);
#1400=STYLED_ITEM('',(#1406),#1444);
#1401=STYLED_ITEM('',(#1407),#1445);
#1402=PRESENTATION_STYLE_ASSIGNMENT((#1408));
#1403=PRESENTATION_STYLE_ASSIGNMENT((#1409));
#1404=PRESENTATION_STYLE_ASSIGNMENT((#1410));
#1405=PRESENTATION_STYLE_ASSIGNMENT((#1411));
#1406=PRESENTATION_STYLE_ASSIGNMENT((#1412));
#1407=PRESENTATION_STYLE_ASSIGNMENT((#1413));
#1408=SURFACE_STYLE_USAGE(.BOTH.,#1414);
#1409=SURFACE_STYLE_USAGE(.BOTH.,#1415);
#1410=SURFACE_STYLE_USAGE(.BOTH.,#1416);
#1411=SURFACE_STYLE_USAGE(.BOTH.,#1417);
#1412=SURFACE_STYLE_USAGE(.BOTH.,#1418);
#1413=SURFACE_STYLE_USAGE(.BOTH.,#1419);
#1414=SURFACE_SIDE_STYLE('',(#1420));
#1415=SURFACE_SIDE_STYLE('',(#1421));
#1416=SURFACE_SIDE_STYLE('',(#1422));
#1417=SURFACE_SIDE_STYLE('',(#1423));
#1418=SURFACE_SIDE_STYLE('',(#1424));
#1419=SURFACE_SIDE_STYLE('',(#1425));
#1420=SURFACE_STYLE_FILL_AREA(#1426);
#1421=SURFACE_STYLE_FILL_AREA(#1427);
#1422=SURFACE_STYLE_FILL_AREA(#1428);
#1423=SURFACE_STYLE_FILL_AREA(#1429);
#1424=SURFACE_STYLE_FILL_AREA(#1430);
#1425=SURFACE_STYLE_FILL_AREA(#1431);
#1426=FILL_AREA_STYLE('',(#1432));
#1427=FILL_AREA_STYLE('',(#1433));
#1428=FILL_AREA_STYLE('',(#1434));
#1429=FILL_AREA_STYLE('',(#1435));
#1430=FILL_AREA_STYLE('',(#1436));
#1431=FILL_AREA_STYLE('',(#1437));
#1432=FILL_AREA_STYLE_COLOUR('',#1438);
#1433=FILL_AREA_STYLE_COLOUR('',#1438);
#1434=FILL_AREA_STYLE_COLOUR('',#1438);
#1435=FILL_AREA_STYLE_COLOUR('',#1438);
#1436=FILL_AREA_STYLE_COLOUR('',#1438);
#1437=FILL_AREA_STYLE_COLOUR('',#1439);
#1438=COLOUR_RGB('',0.615686274509804,0.811764705882353,0.929411764705882);
#1439=COLOUR_RGB('',0.0980392156862745,0.0980392156862745,0.0980392156862745);
#1440=MANIFOLD_SOLID_BREP('Part 1',#1390);
#1441=MANIFOLD_SOLID_BREP('Part 1',#1391);
#1442=MANIFOLD_SOLID_BREP('Part 1',#1392);
#1443=MANIFOLD_SOLID_BREP('Part 1',#1393);
#1444=MANIFOLD_SOLID_BREP('Part 1',#1394);
#1445=MANIFOLD_SOLID_BREP('Portapilas',#1395);
#1446=SHAPE_DEFINITION_REPRESENTATION(#2326,#1453);
#1447=SHAPE_DEFINITION_REPRESENTATION(#2327,#1454);
#1448=SHAPE_DEFINITION_REPRESENTATION(#2329,#1455);
#1449=SHAPE_DEFINITION_REPRESENTATION(#2331,#1456);
#1450=SHAPE_DEFINITION_REPRESENTATION(#2333,#1457);
#1451=SHAPE_DEFINITION_REPRESENTATION(#2336,#1458);
#1452=SHAPE_DEFINITION_REPRESENTATION(#2338,#1459);
#1453=SHAPE_REPRESENTATION('Assembly 1',(#1460,#1467,#1490,#1497,#1504,
#1505,#1516,#1559),#2309);
#1454=SHAPE_REPRESENTATION('Part 1',(#1460),#2310);
#1455=SHAPE_REPRESENTATION('Part 1',(#1460),#2311);
#1456=SHAPE_REPRESENTATION('Part 1',(#1460),#2312);
#1457=SHAPE_REPRESENTATION('Part 1',(#1460),#2313);
#1458=SHAPE_REPRESENTATION('Part 1',(#1460),#2314);
#1459=SHAPE_REPRESENTATION('Portapilas',(#1460),#2315);
#1460=AXIS2_PLACEMENT_3D('',#1924,#1560,#1561);
#1461=AXIS2_PLACEMENT_3D('',#1925,#1562,#1563);
#1462=AXIS2_PLACEMENT_3D('',#1934,#1568,#1569);
#1463=AXIS2_PLACEMENT_3D('',#1940,#1573,#1574);
#1464=AXIS2_PLACEMENT_3D('',#1946,#1578,#1579);
#1465=AXIS2_PLACEMENT_3D('',#1949,#1582,#1583);
#1466=AXIS2_PLACEMENT_3D('',#1950,#1584,#1585);
#1467=AXIS2_PLACEMENT_3D('',#1951,#1586,#1587);
#1468=AXIS2_PLACEMENT_3D('',#1952,#1588,#1589);
#1469=AXIS2_PLACEMENT_3D('',#1961,#1594,#1595);
#1470=AXIS2_PLACEMENT_3D('',#1967,#1599,#1600);
#1471=AXIS2_PLACEMENT_3D('',#1973,#1604,#1605);
#1472=AXIS2_PLACEMENT_3D('',#1976,#1608,#1609);
#1473=AXIS2_PLACEMENT_3D('',#1993,#1618,#1619);
#1474=AXIS2_PLACEMENT_3D('',#2018,#1632,#1633);
#1475=AXIS2_PLACEMENT_3D('',#2021,#1636,#1637);
#1476=AXIS2_PLACEMENT_3D('',#2023,#1639,#1640);
#1477=AXIS2_PLACEMENT_3D('',#2030,#1645,#1646);
#1478=AXIS2_PLACEMENT_3D('',#2032,#1648,#1649);
#1479=AXIS2_PLACEMENT_3D('',#2039,#1654,#1655);
#1480=AXIS2_PLACEMENT_3D('',#2041,#1657,#1658);
#1481=AXIS2_PLACEMENT_3D('',#2043,#1660,#1661);
#1482=AXIS2_PLACEMENT_3D('',#2044,#1662,#1663);
#1483=AXIS2_PLACEMENT_3D('',#2048,#1666,#1667);
#1484=AXIS2_PLACEMENT_3D('',#2052,#1670,#1671);
#1485=AXIS2_PLACEMENT_3D('',#2054,#1673,#1674);
#1486=AXIS2_PLACEMENT_3D('',#2055,#1675,#1676);
#1487=AXIS2_PLACEMENT_3D('',#2059,#1679,#1680);
#1488=AXIS2_PLACEMENT_3D('',#2063,#1683,#1684);
#1489=AXIS2_PLACEMENT_3D('',#2065,#1686,#1687);
#1490=AXIS2_PLACEMENT_3D('',#2066,#1688,#1689);
#1491=AXIS2_PLACEMENT_3D('',#2067,#1690,#1691);
#1492=AXIS2_PLACEMENT_3D('',#2076,#1696,#1697);
#1493=AXIS2_PLACEMENT_3D('',#2082,#1701,#1702);
#1494=AXIS2_PLACEMENT_3D('',#2088,#1706,#1707);
#1495=AXIS2_PLACEMENT_3D('',#2091,#1710,#1711);
#1496=AXIS2_PLACEMENT_3D('',#2092,#1712,#1713);
#1497=AXIS2_PLACEMENT_3D('',#2093,#1714,#1715);
#1498=AXIS2_PLACEMENT_3D('',#2094,#1716,#1717);
#1499=AXIS2_PLACEMENT_3D('',#2103,#1722,#1723);
#1500=AXIS2_PLACEMENT_3D('',#2109,#1727,#1728);
#1501=AXIS2_PLACEMENT_3D('',#2115,#1732,#1733);
#1502=AXIS2_PLACEMENT_3D('',#2118,#1736,#1737);
#1503=AXIS2_PLACEMENT_3D('',#2119,#1738,#1739);
#1504=AXIS2_PLACEMENT_3D('',#2120,#1740,#1741);
#1505=AXIS2_PLACEMENT_3D('',#2121,#1742,#1743);
#1506=AXIS2_PLACEMENT_3D('',#2122,#1744,#1745);
#1507=AXIS2_PLACEMENT_3D('',#2139,#1754,#1755);
#1508=AXIS2_PLACEMENT_3D('',#2156,#1764,#1765);
#1509=AXIS2_PLACEMENT_3D('',#2159,#1768,#1769);
#1510=AXIS2_PLACEMENT_3D('',#2161,#1771,#1772);
#1511=AXIS2_PLACEMENT_3D('',#2163,#1774,#1775);
#1512=AXIS2_PLACEMENT_3D('',#2164,#1776,#1777);
#1513=AXIS2_PLACEMENT_3D('',#2167,#1780,#1781);
#1514=AXIS2_PLACEMENT_3D('',#2169,#1783,#1784);
#1515=AXIS2_PLACEMENT_3D('',#2171,#1786,#1787);
#1516=AXIS2_PLACEMENT_3D('',#2172,#1788,#1789);
#1517=AXIS2_PLACEMENT_3D('',#2173,#1790,#1791);
#1518=AXIS2_PLACEMENT_3D('',#2174,#1792,#1793);
#1519=AXIS2_PLACEMENT_3D('',#2176,#1794,#1795);
#1520=AXIS2_PLACEMENT_3D('',#2178,#1796,#1797);
#1521=AXIS2_PLACEMENT_3D('',#2188,#1802,#1803);
#1522=AXIS2_PLACEMENT_3D('',#2190,#1804,#1805);
#1523=AXIS2_PLACEMENT_3D('',#2191,#1806,#1807);
#1524=AXIS2_PLACEMENT_3D('',#2193,#1808,#1809);
#1525=AXIS2_PLACEMENT_3D('',#2203,#1814,#1815);
#1526=AXIS2_PLACEMENT_3D('',#2205,#1816,#1817);
#1527=AXIS2_PLACEMENT_3D('',#2207,#1818,#1819);
#1528=AXIS2_PLACEMENT_3D('',#2216,#1824,#1825);
#1529=AXIS2_PLACEMENT_3D('',#2217,#1826,#1827);
#1530=AXIS2_PLACEMENT_3D('',#2222,#1829,#1830);
#1531=AXIS2_PLACEMENT_3D('',#2230,#1835,#1836);
#1532=AXIS2_PLACEMENT_3D('',#2234,#1839,#1840);
#1533=AXIS2_PLACEMENT_3D('',#2238,#1843,#1844);
#1534=AXIS2_PLACEMENT_3D('',#2239,#1845,#1846);
#1535=AXIS2_PLACEMENT_3D('',#2244,#1849,#1850);
#1536=AXIS2_PLACEMENT_3D('',#2245,#1851,#1852);
#1537=AXIS2_PLACEMENT_3D('',#2247,#1854,#1855);
#1538=AXIS2_PLACEMENT_3D('',#2249,#1857,#1858);
#1539=AXIS2_PLACEMENT_3D('',#2250,#1859,#1860);
#1540=AXIS2_PLACEMENT_3D('',#2255,#1863,#1864);
#1541=AXIS2_PLACEMENT_3D('',#2261,#1868,#1869);
#1542=AXIS2_PLACEMENT_3D('',#2265,#1872,#1873);
#1543=AXIS2_PLACEMENT_3D('',#2266,#1874,#1875);
#1544=AXIS2_PLACEMENT_3D('',#2269,#1877,#1878);
#1545=AXIS2_PLACEMENT_3D('',#2280,#1885,#1886);
#1546=AXIS2_PLACEMENT_3D('',#2281,#1887,#1888);
#1547=AXIS2_PLACEMENT_3D('',#2282,#1889,#1890);
#1548=AXIS2_PLACEMENT_3D('',#2283,#1891,#1892);
#1549=AXIS2_PLACEMENT_3D('',#2286,#1894,#1895);
#1550=AXIS2_PLACEMENT_3D('',#2288,#1897,#1898);
#1551=AXIS2_PLACEMENT_3D('',#2292,#1901,#1902);
#1552=AXIS2_PLACEMENT_3D('',#2298,#1906,#1907);
#1553=AXIS2_PLACEMENT_3D('',#2300,#1909,#1910);
#1554=AXIS2_PLACEMENT_3D('',#2302,#1912,#1913);
#1555=AXIS2_PLACEMENT_3D('',#2303,#1914,#1915);
#1556=AXIS2_PLACEMENT_3D('',#2304,#1916,#1917);
#1557=AXIS2_PLACEMENT_3D('',#2305,#1918,#1919);
#1558=AXIS2_PLACEMENT_3D('',#2306,#1920,#1921);
#1559=AXIS2_PLACEMENT_3D('',#2307,#1922,#1923);
#1560=DIRECTION('',(0.,0.,1.));
#1561=DIRECTION('',(1.,0.,0.));
#1562=DIRECTION('',(0.,1.,0.));
#1563=DIRECTION('',(0.,0.,1.));
#1564=DIRECTION('',(1.,0.,0.));
#1565=DIRECTION('',(0.,0.,-1.));
#1566=DIRECTION('',(1.,0.,0.));
#1567=DIRECTION('',(0.,0.,-1.));
#1568=DIRECTION('',(1.,-1.38777878078144E-16,0.));
#1569=DIRECTION('',(1.38777878078144E-16,1.,0.));
#1570=DIRECTION('',(-1.38777878078144E-16,-1.,0.));
#1571=DIRECTION('',(0.,0.,-1.));
#1572=DIRECTION('',(-1.38777878078144E-16,-1.,0.));
#1573=DIRECTION('',(0.,1.,0.));
#1574=DIRECTION('',(0.,0.,1.));
#1575=DIRECTION('',(1.,0.,0.));
#1576=DIRECTION('',(0.,0.,-1.));
#1577=DIRECTION('',(1.,0.,0.));
#1578=DIRECTION('',(1.,-1.38777878078144E-16,0.));
#1579=DIRECTION('',(1.38777878078144E-16,1.,0.));
#1580=DIRECTION('',(-1.38777878078144E-16,-1.,0.));
#1581=DIRECTION('',(-1.38777878078144E-16,-1.,0.));
#1582=DIRECTION('',(0.,0.,1.));
#1583=DIRECTION('',(1.,0.,0.));
#1584=DIRECTION('',(0.,0.,1.));
#1585=DIRECTION('',(1.,0.,0.));
#1586=DIRECTION('',(0.,0.,1.));
#1587=DIRECTION('',(1.38777878078144E-16,-1.,0.));
#1588=DIRECTION('',(0.,1.,0.));
#1589=DIRECTION('',(0.,0.,1.));
#1590=DIRECTION('',(1.,0.,0.));
#1591=DIRECTION('',(0.,0.,-1.));
#1592=DIRECTION('',(1.,0.,0.));
#1593=DIRECTION('',(0.,0.,-1.));
#1594=DIRECTION('',(1.,-1.38777878078144E-16,0.));
#1595=DIRECTION('',(1.38777878078144E-16,1.,0.));
#1596=DIRECTION('',(-1.38777878078144E-16,-1.,0.));
#1597=DIRECTION('',(0.,0.,-1.));
#1598=DIRECTION('',(-1.38777878078144E-16,-1.,0.));
#1599=DIRECTION('',(0.,1.,0.));
#1600=DIRECTION('',(0.,0.,1.));
#1601=DIRECTION('',(1.,0.,0.));
#1602=DIRECTION('',(0.,0.,-1.));
#1603=DIRECTION('',(1.,0.,0.));
#1604=DIRECTION('',(1.,-1.38777878078144E-16,0.));
#1605=DIRECTION('',(1.38777878078144E-16,1.,0.));
#1606=DIRECTION('',(-1.38777878078144E-16,-1.,0.));
#1607=DIRECTION('',(-1.38777878078144E-16,-1.,0.));
#1608=DIRECTION('',(0.,0.,1.));
#1609=DIRECTION('',(1.,0.,0.));
#1610=DIRECTION('',(1.,-6.19544098563146E-17,0.));
#1611=DIRECTION('',(0.,1.,0.));
#1612=DIRECTION('',(-1.,0.,0.));
#1613=DIRECTION('',(0.,-1.,0.));
#1614=DIRECTION('',(-1.,0.,0.));
#1615=DIRECTION('',(0.,-1.,0.));
#1616=DIRECTION('',(1.,-6.19544098563146E-17,0.));
#1617=DIRECTION('',(0.,-1.,0.));
#1618=DIRECTION('',(0.,0.,1.));
#1619=DIRECTION('',(1.,0.,0.));
#1620=DIRECTION('',(0.,1.,0.));
#1621=DIRECTION('',(0.,-1.,0.));
#1622=DIRECTION('',(1.,0.,0.));
#1623=DIRECTION('',(0.,-1.,0.));
#1624=DIRECTION('',(0.,-1.,0.));
#1625=DIRECTION('',(-1.,6.19544098563146E-17,0.));
#1626=DIRECTION('',(0.,1.,0.));
#1627=DIRECTION('',(-1.,6.19544098563146E-17,0.));
#1628=DIRECTION('',(0.,1.,0.));
#1629=DIRECTION('',(0.,1.,0.));
#1630=DIRECTION('',(1.,0.,0.));
#1631=DIRECTION('',(0.,1.,0.));
#1632=DIRECTION('',(-6.19544098563146E-17,-1.,0.));
#1633=DIRECTION('',(1.,-6.19544098563146E-17,0.));
#1634=DIRECTION('',(0.,0.,-1.));
#1635=DIRECTION('',(0.,0.,-1.));
#1636=DIRECTION('',(1.,0.,0.));
#1637=DIRECTION('',(0.,0.,-1.));
#1638=DIRECTION('',(0.,0.,-1.));
#1639=DIRECTION('',(0.,1.,0.));
#1640=DIRECTION('',(0.,0.,1.));
#1641=DIRECTION('',(0.,0.,1.));
#1642=DIRECTION('',(1.,0.,0.));
#1643=DIRECTION('',(0.,0.,1.));
#1644=DIRECTION('',(0.,0.,-1.));
#1645=DIRECTION('',(-1.,0.,0.));
#1646=DIRECTION('',(0.,0.,1.));
#1647=DIRECTION('',(0.,0.,-1.));
#1648=DIRECTION('',(0.,1.,0.));
#1649=DIRECTION('',(0.,0.,1.));
#1650=DIRECTION('',(0.,0.,1.));
#1651=DIRECTION('',(1.,0.,0.));
#1652=DIRECTION('',(0.,0.,1.));
#1653=DIRECTION('',(0.,0.,-1.));
#1654=DIRECTION('',(-1.,0.,0.));
#1655=DIRECTION('',(0.,0.,1.));
#1656=DIRECTION('',(0.,0.,-1.));
#1657=DIRECTION('',(-6.19544098563146E-17,-1.,0.));
#1658=DIRECTION('',(1.,-6.19544098563146E-17,0.));
#1659=DIRECTION('',(0.,0.,-1.));
#1660=DIRECTION('',(-1.,0.,0.));
#1661=DIRECTION('',(0.,0.,1.));
#1662=DIRECTION('',(1.,0.,0.));
#1663=DIRECTION('',(0.,0.,-1.));
#1664=DIRECTION('',(0.,1.,0.));
#1665=DIRECTION('',(0.,0.,1.));
#1666=DIRECTION('',(1.,0.,0.));
#1667=DIRECTION('',(0.,0.,-1.));
#1668=DIRECTION('',(0.,0.,1.));
#1669=DIRECTION('',(0.,1.,0.));
#1670=DIRECTION('',(0.,-1.,0.));
#1671=DIRECTION('',(0.,0.,-1.));
#1672=DIRECTION('',(1.,0.,0.));
#1673=DIRECTION('',(0.,0.,-1.));
#1674=DIRECTION('',(1.,0.,0.));
#1675=DIRECTION('',(-1.,0.,0.));
#1676=DIRECTION('',(0.,0.,1.));
#1677=DIRECTION('',(0.,-1.,0.));
#1678=DIRECTION('',(0.,0.,1.));
#1679=DIRECTION('',(-1.,0.,0.));
#1680=DIRECTION('',(0.,0.,1.));
#1681=DIRECTION('',(0.,0.,1.));
#1682=DIRECTION('',(0.,-1.,0.));
#1683=DIRECTION('',(0.,-1.,0.));
#1684=DIRECTION('',(0.,0.,-1.));
#1685=DIRECTION('',(1.,0.,0.));
#1686=DIRECTION('',(0.,0.,-1.));
#1687=DIRECTION('',(1.,0.,0.));
#1688=DIRECTION('',(0.,0.,1.));
#1689=DIRECTION('',(1.38777878078144E-16,-1.,0.));
#1690=DIRECTION('',(0.,0.,1.));
#1691=DIRECTION('',(1.,0.,0.));
#1692=DIRECTION('',(1.,0.,0.));
#1693=DIRECTION('',(0.,1.,0.));
#1694=DIRECTION('',(1.,0.,0.));
#1695=DIRECTION('',(0.,1.,0.));
#1696=DIRECTION('',(1.,0.,-1.98254111540206E-16));
#1697=DIRECTION('',(-1.98254111540206E-16,0.,-1.));
#1698=DIRECTION('',(-1.98254111540206E-16,0.,-1.));
#1699=DIRECTION('',(0.,1.,0.));
#1700=DIRECTION('',(-1.98254111540206E-16,0.,-1.));
#1701=DIRECTION('',(0.,0.,1.));
#1702=DIRECTION('',(1.,0.,0.));
#1703=DIRECTION('',(1.,0.,0.));
#1704=DIRECTION('',(0.,1.,0.));
#1705=DIRECTION('',(1.,0.,0.));
#1706=DIRECTION('',(1.,0.,-1.98254111540206E-16));
#1707=DIRECTION('',(-1.98254111540206E-16,0.,-1.));
#1708=DIRECTION('',(-1.98254111540206E-16,0.,-1.));
#1709=DIRECTION('',(-1.98254111540206E-16,0.,-1.));
#1710=DIRECTION('',(0.,-1.,0.));
#1711=DIRECTION('',(1.,0.,0.));
#1712=DIRECTION('',(0.,-1.,0.));
#1713=DIRECTION('',(1.,0.,0.));
#1714=DIRECTION('',(0.,0.,1.));
#1715=DIRECTION('',(1.38777878078144E-16,-1.,0.));
#1716=DIRECTION('',(0.,0.,1.));
#1717=DIRECTION('',(1.,0.,0.));
#1718=DIRECTION('',(1.,0.,0.));
#1719=DIRECTION('',(0.,1.,0.));
#1720=DIRECTION('',(1.,0.,0.));
#1721=DIRECTION('',(0.,1.,0.));
#1722=DIRECTION('',(1.,0.,-1.98254111540206E-16));
#1723=DIRECTION('',(-1.98254111540206E-16,0.,-1.));
#1724=DIRECTION('',(-1.98254111540206E-16,0.,-1.));
#1725=DIRECTION('',(0.,1.,0.));
#1726=DIRECTION('',(-1.98254111540206E-16,0.,-1.));
#1727=DIRECTION('',(0.,0.,1.));
#1728=DIRECTION('',(1.,0.,0.));
#1729=DIRECTION('',(1.,0.,0.));
#1730=DIRECTION('',(0.,1.,0.));
#1731=DIRECTION('',(1.,0.,0.));
#1732=DIRECTION('',(1.,0.,-1.98254111540206E-16));
#1733=DIRECTION('',(-1.98254111540206E-16,0.,-1.));
#1734=DIRECTION('',(-1.98254111540206E-16,0.,-1.));
#1735=DIRECTION('',(-1.98254111540206E-16,0.,-1.));
#1736=DIRECTION('',(0.,-1.,0.));
#1737=DIRECTION('',(1.,0.,0.));
#1738=DIRECTION('',(0.,-1.,0.));
#1739=DIRECTION('',(1.,0.,0.));
#1740=DIRECTION('',(0.,0.,1.));
#1741=DIRECTION('',(1.,0.,0.));
#1742=DIRECTION('',(0.,0.,1.));
#1743=DIRECTION('',(1.,0.,0.));
#1744=DIRECTION('',(0.,-1.,0.));
#1745=DIRECTION('',(1.,0.,0.));
#1746=DIRECTION('',(1.,0.,0.));
#1747=DIRECTION('',(-1.98254111540206E-16,0.,-1.));
#1748=DIRECTION('',(1.,0.,0.));
#1749=DIRECTION('',(-1.98254111540206E-16,0.,-1.));
#1750=DIRECTION('',(-1.69241314729444E-16,0.,-1.));
#1751=DIRECTION('',(1.,0.,0.));
#1752=DIRECTION('',(-1.69241314729444E-16,0.,-1.));
#1753=DIRECTION('',(1.,0.,0.));
#1754=DIRECTION('',(0.,-1.,0.));
#1755=DIRECTION('',(1.,0.,0.));
#1756=DIRECTION('',(1.,0.,0.));
#1757=DIRECTION('',(-1.98254111540206E-16,0.,-1.));
#1758=DIRECTION('',(1.,0.,0.));
#1759=DIRECTION('',(-1.98254111540206E-16,0.,-1.));
#1760=DIRECTION('',(1.,0.,0.));
#1761=DIRECTION('',(-1.69241314729444E-16,0.,-1.));
#1762=DIRECTION('',(1.,0.,0.));
#1763=DIRECTION('',(-1.69241314729444E-16,0.,-1.));
#1764=DIRECTION('',(0.,0.,1.));
#1765=DIRECTION('',(1.,0.,0.));
#1766=DIRECTION('',(0.,1.,0.));
#1767=DIRECTION('',(0.,1.,0.));
#1768=DIRECTION('',(1.,0.,-1.98254111540206E-16));
#1769=DIRECTION('',(-1.98254111540206E-16,0.,-1.));
#1770=DIRECTION('',(0.,1.,0.));
#1771=DIRECTION('',(0.,0.,1.));
#1772=DIRECTION('',(1.,0.,0.));
#1773=DIRECTION('',(0.,1.,0.));
#1774=DIRECTION('',(1.,0.,-1.98254111540206E-16));
#1775=DIRECTION('',(-1.98254111540206E-16,0.,-1.));
#1776=DIRECTION('',(0.,0.,-1.));
#1777=DIRECTION('',(-1.,0.,0.));
#1778=DIRECTION('',(0.,-1.,0.));
#1779=DIRECTION('',(0.,-1.,0.));
#1780=DIRECTION('',(-1.,0.,1.69241314729444E-16));
#1781=DIRECTION('',(1.69241314729444E-16,0.,1.));
#1782=DIRECTION('',(0.,-1.,0.));
#1783=DIRECTION('',(0.,0.,-1.));
#1784=DIRECTION('',(-1.,0.,0.));
#1785=DIRECTION('',(0.,-1.,0.));
#1786=DIRECTION('',(-1.,0.,1.69241314729444E-16));
#1787=DIRECTION('',(1.69241314729444E-16,0.,1.));
#1788=DIRECTION('',(0.,0.,1.));
#1789=DIRECTION('',(1.38777878078144E-16,-1.,0.));
#1790=DIRECTION('',(0.,6.12323399573677E-17,1.));
#1791=DIRECTION('',(1.,2.22044604925031E-16,-1.35963107344689E-32));
#1792=DIRECTION('',(0.,-6.12323399573677E-17,-1.));
#1793=DIRECTION('',(0.,-1.,6.12323399573677E-17));
#1794=DIRECTION('',(0.,6.12323399573677E-17,1.));
#1795=DIRECTION('',(0.,-1.,6.12323399573677E-17));
#1796=DIRECTION('',(0.,6.12323399573677E-17,1.));
#1797=DIRECTION('',(0.,-1.,6.12323399573677E-17));
#1798=DIRECTION('',(1.,2.22044604925031E-16,-1.35963107344689E-32));
#1799=DIRECTION('',(-2.22044604925031E-16,1.,-6.12323399573677E-17));
#1800=DIRECTION('',(-1.,-2.22044604925031E-16,1.35963107344689E-32));
#1801=DIRECTION('',(2.22044604925031E-16,-1.,6.12323399573677E-17));
#1802=DIRECTION('',(0.,-6.12323399573677E-17,-1.));
#1803=DIRECTION('',(0.,-1.,6.12323399573677E-17));
#1804=DIRECTION('',(0.,6.12323399573677E-17,1.));
#1805=DIRECTION('',(-2.22044604925031E-16,1.,-6.12323399573677E-17));
#1806=DIRECTION('',(0.,6.12323399573677E-17,1.));
#1807=DIRECTION('',(0.,-1.,6.12323399573677E-17));
#1808=DIRECTION('',(0.,6.12323399573677E-17,1.));
#1809=DIRECTION('',(0.,-1.,6.12323399573677E-17));
#1810=DIRECTION('',(1.,2.22044604925031E-16,-1.35963107344689E-32));
#1811=DIRECTION('',(2.22044604925031E-16,-1.,6.12323399573677E-17));
#1812=DIRECTION('',(-1.,-2.22044604925031E-16,1.35963107344689E-32));
#1813=DIRECTION('',(-2.22044604925031E-16,1.,-6.12323399573677E-17));
#1814=DIRECTION('',(0.,6.12323399573677E-17,1.));
#1815=DIRECTION('',(0.,-1.,6.12323399573677E-17));
#1816=DIRECTION('',(0.,6.12323399573677E-17,1.));
#1817=DIRECTION('',(0.,-1.,6.12323399573677E-17));
#1818=DIRECTION('',(0.,6.12323399573677E-17,1.));
#1819=DIRECTION('',(1.,2.22044604925031E-16,-1.35963107344689E-32));
#1820=DIRECTION('',(-2.22044604925031E-16,1.,-6.12323399573677E-17));
#1821=DIRECTION('',(1.,2.22044604925031E-16,-1.35963107344689E-32));
#1822=DIRECTION('',(2.22044604925031E-16,-1.,6.12323399573677E-17));
#1823=DIRECTION('',(1.,2.22044604925031E-16,-1.35963107344689E-32));
#1824=DIRECTION('',(2.22044604925031E-16,-1.,6.12323399573677E-17));
#1825=DIRECTION('',(1.,2.22044604925031E-16,-1.35963107344689E-32));
#1826=DIRECTION('',(-2.22044604925031E-16,1.,-6.12323399573677E-17));
#1827=DIRECTION('',(-1.,-2.22044604925031E-16,0.));
#1828=DIRECTION('',(1.,2.22044604925031E-16,-1.35963107344689E-32));
#1829=DIRECTION('',(2.22044604925031E-16,-1.,6.12323399573677E-17));
#1830=DIRECTION('',(1.,2.22044604925031E-16,0.));
#1831=DIRECTION('',(1.,2.22044604925031E-16,-1.35963107344689E-32));
#1832=DIRECTION('',(0.,6.12323399573677E-17,1.));
#1833=DIRECTION('',(0.,6.12323399573677E-17,1.));
#1834=DIRECTION('',(1.,2.22044604925031E-16,-1.35963107344689E-32));
#1835=DIRECTION('',(-1.,-2.22044604925031E-16,1.35963107344689E-32));
#1836=DIRECTION('',(2.22044604925031E-16,-1.,6.12323399573677E-17));
#1837=DIRECTION('',(2.22044604925031E-16,-1.,6.12323399573677E-17));
#1838=DIRECTION('',(0.,6.12323399573677E-17,1.));
#1839=DIRECTION('',(1.,2.22044604925031E-16,-1.35963107344689E-32));
#1840=DIRECTION('',(-2.22044604925031E-16,1.,-6.12323399573677E-17));
#1841=DIRECTION('',(-2.22044604925031E-16,1.,-6.12323399573677E-17));
#1842=DIRECTION('',(0.,6.12323399573677E-17,1.));
#1843=DIRECTION('',(-2.22044604925031E-16,1.,-6.12323399573677E-17));
#1844=DIRECTION('',(-1.,-2.22044604925031E-16,1.35963107344689E-32));
#1845=DIRECTION('',(-2.22044604925031E-16,1.,-6.12323399573677E-17));
#1846=DIRECTION('',(-1.,-2.22044604925031E-16,0.));
#1847=DIRECTION('',(-1.,-2.22044604925031E-16,1.35963107344689E-32));
#1848=DIRECTION('',(-1.,-2.22044604925031E-16,1.35963107344689E-32));
#1849=DIRECTION('',(2.22044604925031E-16,-1.,6.12323399573677E-17));
#1850=DIRECTION('',(1.,2.22044604925031E-16,0.));
#1851=DIRECTION('',(0.,-6.12323399573677E-17,-1.));
#1852=DIRECTION('',(-1.,-2.22044604925031E-16,1.35963107344689E-32));
#1853=DIRECTION('',(-2.22044604925031E-16,1.,-6.12323399573677E-17));
#1854=DIRECTION('',(0.,-6.12323399573677E-17,-1.));
#1855=DIRECTION('',(-1.,-2.22044604925031E-16,1.35963107344689E-32));
#1856=DIRECTION('',(2.22044604925031E-16,-1.,6.12323399573677E-17));
#1857=DIRECTION('',(2.22044604925031E-16,-1.,6.12323399573677E-17));
#1858=DIRECTION('',(-0.707106781186548,-1.13711443056603E-16,0.707106781186547));
#1859=DIRECTION('',(2.22044604925031E-16,-1.,6.12323399573677E-17));
#1860=DIRECTION('',(1.,2.22044604925031E-16,0.));
#1861=DIRECTION('',(2.22044604925031E-16,-1.,6.12323399573677E-17));
#1862=DIRECTION('',(2.22044604925031E-16,-1.,6.12323399573677E-17));
#1863=DIRECTION('',(-2.22044604925031E-16,1.,-6.12323399573677E-17));
#1864=DIRECTION('',(-1.,-2.22044604925031E-16,1.35963107344689E-32));
#1865=DIRECTION('',(-1.,-2.22044604925031E-16,1.35963107344689E-32));
#1866=DIRECTION('',(0.,6.12323399573677E-17,1.));
#1867=DIRECTION('',(0.,6.12323399573677E-17,1.));
#1868=DIRECTION('',(0.,6.12323399573677E-17,1.));
#1869=DIRECTION('',(1.,2.22044604925031E-16,-1.35963107344689E-32));
#1870=DIRECTION('',(-2.22044604925031E-16,1.,-6.12323399573677E-17));
#1871=DIRECTION('',(1.,2.22044604925031E-16,-1.35963107344689E-32));
#1872=DIRECTION('',(-2.22044604925031E-16,1.,-6.12323399573677E-17));
#1873=DIRECTION('',(0.707106781186548,2.00307048680152E-16,0.707106781186548));
#1874=DIRECTION('',(-2.22044604925031E-16,1.,-6.12323399573677E-17));
#1875=DIRECTION('',(-1.,-2.22044604925031E-16,0.));
#1876=DIRECTION('',(-2.22044604925031E-16,1.,-6.12323399573677E-17));
#1877=DIRECTION('',(-1.,-2.22044604925031E-16,1.35963107344689E-32));
#1878=DIRECTION('',(2.22044604925031E-16,-1.,6.12323399573677E-17));
#1879=DIRECTION('',(2.22044604925031E-16,-1.,6.12323399573677E-17));
#1880=DIRECTION('',(0.,6.12323399573677E-17,1.));
#1881=DIRECTION('',(2.22044604925031E-16,-1.,6.12323399573677E-17));
#1882=DIRECTION('',(0.,6.12323399573677E-17,1.));
#1883=DIRECTION('',(2.22044604925031E-16,-1.,6.12323399573677E-17));
#1884=DIRECTION('',(0.,6.12323399573677E-17,1.));
#1885=DIRECTION('',(2.22044604925031E-16,-1.,6.12323399573677E-17));
#1886=DIRECTION('',(-0.707106781186548,-1.13711443056603E-16,0.707106781186547));
#1887=DIRECTION('',(2.22044604925031E-16,-1.,6.12323399573677E-17));
#1888=DIRECTION('',(1.,2.22044604925031E-16,0.));
#1889=DIRECTION('',(2.22044604925031E-16,-1.,6.12323399573677E-17));
#1890=DIRECTION('',(1.,2.22044604925031E-16,-1.35963107344689E-32));
#1891=DIRECTION('',(-2.22044604925031E-16,1.,-6.12323399573677E-17));
#1892=DIRECTION('',(-1.,-2.22044604925031E-16,0.));
#1893=DIRECTION('',(0.,6.12323399573677E-17,1.));
#1894=DIRECTION('',(-2.22044604925031E-16,1.,-6.12323399573677E-17));
#1895=DIRECTION('',(0.707106781186548,2.00307048680152E-16,0.707106781186548));
#1896=DIRECTION('',(-2.22044604925031E-16,1.,-6.12323399573677E-17));
#1897=DIRECTION('',(-2.22044604925031E-16,1.,-6.12323399573677E-17));
#1898=DIRECTION('',(-1.,-2.22044604925031E-16,1.35963107344689E-32));
#1899=DIRECTION('',(-1.,-2.22044604925031E-16,1.35963107344689E-32));
#1900=DIRECTION('',(0.,6.12323399573677E-17,1.));
#1901=DIRECTION('',(1.,2.22044604925031E-16,-1.35963107344689E-32));
#1902=DIRECTION('',(-2.22044604925031E-16,1.,-6.12323399573677E-17));
#1903=DIRECTION('',(-2.22044604925031E-16,1.,-6.12323399573677E-17));
#1904=DIRECTION('',(0.,6.12323399573677E-17,1.));
#1905=DIRECTION('',(-2.22044604925031E-16,1.,-6.12323399573677E-17));
#1906=DIRECTION('',(0.,-6.12323399573677E-17,-1.));
#1907=DIRECTION('',(-1.,0.,0.));
#1908=DIRECTION('',(-1.,0.,0.));
#1909=DIRECTION('',(0.,1.,-6.12323399573677E-17));
#1910=DIRECTION('',(-1.,0.,0.));
#1911=DIRECTION('',(-1.,0.,0.));
#1912=DIRECTION('',(0.,6.12323399573677E-17,1.));
#1913=DIRECTION('',(1.,0.,0.));
#1914=DIRECTION('',(0.,6.12323399573677E-17,1.));
#1915=DIRECTION('',(0.,-1.,6.12323399573677E-17));
#1916=DIRECTION('',(0.,6.12323399573677E-17,1.));
#1917=DIRECTION('',(0.,-1.,6.12323399573677E-17));
#1918=DIRECTION('',(0.,6.12323399573677E-17,1.));
#1919=DIRECTION('',(0.,-1.,6.12323399573677E-17));
#1920=DIRECTION('',(0.,6.12323399573677E-17,1.));
#1921=DIRECTION('',(0.,-1.,6.12323399573677E-17));
#1922=DIRECTION('',(-1.,-1.38777878078144E-16,1.46370675773421E-32));
#1923=DIRECTION('',(-5.31556664650865E-32,2.77555756156288E-16,-1.));
#1924=CARTESIAN_POINT('',(0.,0.,0.));
#1925=CARTESIAN_POINT('',(0.,0.025,0.007));
#1926=CARTESIAN_POINT('',(0.,0.025,0.));
#1927=CARTESIAN_POINT('',(-0.05,0.025,0.));
#1928=CARTESIAN_POINT('',(0.05,0.025,0.));
#1929=CARTESIAN_POINT('',(-0.05,0.025,0.007));
#1930=CARTESIAN_POINT('',(-0.05,0.025,0.007));
#1931=CARTESIAN_POINT('',(0.,0.025,0.007));
#1932=CARTESIAN_POINT('',(0.05,0.025,0.007));
#1933=CARTESIAN_POINT('',(0.05,0.025,0.007));
#1934=CARTESIAN_POINT('',(-0.05,-3.46944695195361E-18,0.007));
#1935=CARTESIAN_POINT('',(-0.05,-3.46944695195361E-18,0.));
#1936=CARTESIAN_POINT('',(-0.05,-0.025,0.));
#1937=CARTESIAN_POINT('',(-0.05,-0.025,0.007));
#1938=CARTESIAN_POINT('',(-0.05,-0.025,0.007));
#1939=CARTESIAN_POINT('',(-0.05,-3.46944695195361E-18,0.007));
#1940=CARTESIAN_POINT('',(-6.93889390390723E-18,-0.025,0.007));
#1941=CARTESIAN_POINT('',(-6.93889390390723E-18,-0.025,0.));
#1942=CARTESIAN_POINT('',(0.05,-0.025,0.));
#1943=CARTESIAN_POINT('',(0.05,-0.025,0.007));
#1944=CARTESIAN_POINT('',(0.05,-0.025,0.007));
#1945=CARTESIAN_POINT('',(-6.93889390390723E-18,-0.025,0.007));
#1946=CARTESIAN_POINT('',(0.05,0.,0.007));
#1947=CARTESIAN_POINT('',(0.05,0.,0.));
#1948=CARTESIAN_POINT('',(0.05,0.,0.007));
#1949=CARTESIAN_POINT('',(0.,0.,0.007));
#1950=CARTESIAN_POINT('',(0.,0.,0.));
#1951=CARTESIAN_POINT('',(0.008,-0.056125,-0.02625));
#1952=CARTESIAN_POINT('',(3.46944695195361E-18,0.025,0.007));
#1953=CARTESIAN_POINT('',(3.46944695195361E-18,0.025,0.));
#1954=CARTESIAN_POINT('',(-0.05,0.025,0.));
#1955=CARTESIAN_POINT('',(0.05,0.025,0.));
#1956=CARTESIAN_POINT('',(-0.05,0.025,0.007));
#1957=CARTESIAN_POINT('',(-0.05,0.025,0.007));
#1958=CARTESIAN_POINT('',(3.46944695195361E-18,0.025,0.007));
#1959=CARTESIAN_POINT('',(0.05,0.025,0.007));
#1960=CARTESIAN_POINT('',(0.05,0.025,0.007));
#1961=CARTESIAN_POINT('',(-0.05,-3.46944695195361E-18,0.007));
#1962=CARTESIAN_POINT('',(-0.05,-3.46944695195361E-18,0.));
#1963=CARTESIAN_POINT('',(-0.05,-0.025,0.));
#1964=CARTESIAN_POINT('',(-0.05,-0.025,0.007));
#1965=CARTESIAN_POINT('',(-0.05,-0.025,0.007));
#1966=CARTESIAN_POINT('',(-0.05,-3.46944695195361E-18,0.007));
#1967=CARTESIAN_POINT('',(-6.93889390390723E-18,-0.025,0.007));
#1968=CARTESIAN_POINT('',(-6.93889390390723E-18,-0.025,0.));
#1969=CARTESIAN_POINT('',(0.05,-0.025,0.));
#1970=CARTESIAN_POINT('',(0.05,-0.025,0.007));
#1971=CARTESIAN_POINT('',(0.05,-0.025,0.007));
#1972=CARTESIAN_POINT('',(-6.93889390390723E-18,-0.025,0.007));
#1973=CARTESIAN_POINT('',(0.05,0.,0.007));
#1974=CARTESIAN_POINT('',(0.05,0.,0.));
#1975=CARTESIAN_POINT('',(0.05,0.,0.007));
#1976=CARTESIAN_POINT('',(0.,0.,0.007));
#1977=CARTESIAN_POINT('',(-1.54886024640787E-19,-0.0025,0.007));
#1978=CARTESIAN_POINT('',(0.023,-0.0025,0.007));
#1979=CARTESIAN_POINT('',(0.03,-0.0025,0.007));
#1980=CARTESIAN_POINT('',(0.023,0.,0.007));
#1981=CARTESIAN_POINT('',(0.023,-0.0125,0.007));
#1982=CARTESIAN_POINT('',(0.,-0.0125,0.007));
#1983=CARTESIAN_POINT('',(-0.03,-0.0125,0.007));
#1984=CARTESIAN_POINT('',(-0.03,0.,0.007));
#1985=CARTESIAN_POINT('',(-0.03,0.0125,0.007));
#1986=CARTESIAN_POINT('',(0.,0.0125,0.007));
#1987=CARTESIAN_POINT('',(0.023,0.0125,0.007));
#1988=CARTESIAN_POINT('',(0.023,0.,0.007));
#1989=CARTESIAN_POINT('',(0.023,0.0025,0.007));
#1990=CARTESIAN_POINT('',(1.54886024640787E-19,0.0025,0.007));
#1991=CARTESIAN_POINT('',(0.03,0.0025,0.007));
#1992=CARTESIAN_POINT('',(0.03,0.,0.007));
#1993=CARTESIAN_POINT('',(0.,0.,0.));
#1994=CARTESIAN_POINT('',(-0.03,0.,0.));
#1995=CARTESIAN_POINT('',(-0.03,-0.0125,0.));
#1996=CARTESIAN_POINT('',(-0.03,0.0125,0.));
#1997=CARTESIAN_POINT('',(-0.03,-0.015,0.));
#1998=CARTESIAN_POINT('',(-0.03,-0.0175,0.));
#1999=CARTESIAN_POINT('',(-0.0035,-0.0175,0.));
#2000=CARTESIAN_POINT('',(0.023,-0.0175,0.));
#2001=CARTESIAN_POINT('',(0.023,-0.015,0.));
#2002=CARTESIAN_POINT('',(0.023,-0.0125,0.));
#2003=CARTESIAN_POINT('',(0.023,-0.0075,0.));
#2004=CARTESIAN_POINT('',(0.023,-0.0025,0.));
#2005=CARTESIAN_POINT('',(0.0265,-0.0025,0.));
#2006=CARTESIAN_POINT('',(0.03,-0.0025,0.));
#2007=CARTESIAN_POINT('',(0.03,2.16840434497101E-18,0.));
#2008=CARTESIAN_POINT('',(0.03,0.0025,0.));
#2009=CARTESIAN_POINT('',(0.0265,0.0025,0.));
#2010=CARTESIAN_POINT('',(0.023,0.0025,0.));
#2011=CARTESIAN_POINT('',(0.023,0.0075,0.));
#2012=CARTESIAN_POINT('',(0.023,0.0125,0.));
#2013=CARTESIAN_POINT('',(0.023,0.015,0.));
#2014=CARTESIAN_POINT('',(0.023,0.0175,0.));
#2015=CARTESIAN_POINT('',(-0.0035,0.0175,0.));
#2016=CARTESIAN_POINT('',(-0.03,0.0175,0.));
#2017=CARTESIAN_POINT('',(-0.03,0.015,0.));
#2018=CARTESIAN_POINT('',(0.0265,-0.0025,0.025));
#2019=CARTESIAN_POINT('',(0.03,-0.0025,0.025));
#2020=CARTESIAN_POINT('',(0.023,-0.0025,0.025));
#2021=CARTESIAN_POINT('',(0.023,-0.0075,0.025));
#2022=CARTESIAN_POINT('',(0.023,-0.0125,0.025));
#2023=CARTESIAN_POINT('',(-0.0035,-0.0125,0.025));
#2024=CARTESIAN_POINT('',(0.023,-0.0125,-0.025));
#2025=CARTESIAN_POINT('',(0.023,-0.0125,-0.025));
#2026=CARTESIAN_POINT('',(-0.0035,-0.0125,-0.025));
#2027=CARTESIAN_POINT('',(-0.03,-0.0125,-0.025));
#2028=CARTESIAN_POINT('',(-0.03,-0.0125,-0.025));
#2029=CARTESIAN_POINT('',(-0.03,-0.0125,0.025));
#2030=CARTESIAN_POINT('',(-0.03,0.,0.025));
#2031=CARTESIAN_POINT('',(-0.03,0.0125,0.025));
#2032=CARTESIAN_POINT('',(-0.0035,0.0125,0.025));
#2033=CARTESIAN_POINT('',(-0.03,0.0125,-0.025));
#2034=CARTESIAN_POINT('',(-0.03,0.0125,-0.025));
#2035=CARTESIAN_POINT('',(-0.0035,0.0125,-0.025));
#2036=CARTESIAN_POINT('',(0.023,0.0125,-0.025));
#2037=CARTESIAN_POINT('',(0.023,0.0125,-0.025));
#2038=CARTESIAN_POINT('',(0.023,0.0125,0.025));
#2039=CARTESIAN_POINT('',(0.023,0.0075,0.025));
#2040=CARTESIAN_POINT('',(0.023,0.0025,0.025));
#2041=CARTESIAN_POINT('',(0.0265,0.0025,0.025));
#2042=CARTESIAN_POINT('',(0.03,0.0025,0.025));
#2043=CARTESIAN_POINT('',(0.03,2.16840434497101E-18,0.025));
#2044=CARTESIAN_POINT('',(0.023,0.015,-0.025));
#2045=CARTESIAN_POINT('',(0.023,0.015,-0.025));
#2046=CARTESIAN_POINT('',(0.023,0.0175,-0.025));
#2047=CARTESIAN_POINT('',(0.023,0.0175,-0.025));
#2048=CARTESIAN_POINT('',(-0.03,0.015,-0.025));
#2049=CARTESIAN_POINT('',(-0.03,0.0175,-0.025));
#2050=CARTESIAN_POINT('',(-0.03,0.0175,-0.025));
#2051=CARTESIAN_POINT('',(-0.03,0.015,-0.025));
#2052=CARTESIAN_POINT('',(-0.0035,0.0175,-0.025));
#2053=CARTESIAN_POINT('',(-0.0035,0.0175,-0.025));
#2054=CARTESIAN_POINT('',(0.,0.,-0.025));
#2055=CARTESIAN_POINT('',(-0.03,-0.015,-0.025));
#2056=CARTESIAN_POINT('',(-0.03,-0.015,-0.025));
#2057=CARTESIAN_POINT('',(-0.03,-0.0175,-0.025));
#2058=CARTESIAN_POINT('',(-0.03,-0.0175,-0.025));
#2059=CARTESIAN_POINT('',(0.023,-0.015,-0.025));
#2060=CARTESIAN_POINT('',(0.023,-0.0175,-0.025));
#2061=CARTESIAN_POINT('',(0.023,-0.0175,-0.025));
#2062=CARTESIAN_POINT('',(0.023,-0.015,-0.025));
#2063=CARTESIAN_POINT('',(-0.0035,-0.0175,-0.025));
#2064=CARTESIAN_POINT('',(-0.0035,-0.0175,-0.025));
#2065=CARTESIAN_POINT('',(0.,0.,-0.025));
#2066=CARTESIAN_POINT('',(0.008,-0.056125,0.03675));
#2067=CARTESIAN_POINT('',(6.93889390390723E-18,-0.007,0.035));
#2068=CARTESIAN_POINT('',(6.93889390390723E-18,0.,0.035));
#2069=CARTESIAN_POINT('',(-0.05,0.,0.035));
#2070=CARTESIAN_POINT('',(0.05,0.,0.035));
#2071=CARTESIAN_POINT('',(-0.05,-0.007,0.035));
#2072=CARTESIAN_POINT('',(-0.05,-0.007,0.035));
#2073=CARTESIAN_POINT('',(6.93889390390723E-18,-0.007,0.035));
#2074=CARTESIAN_POINT('',(0.05,-0.007,0.035));
#2075=CARTESIAN_POINT('',(0.05,-0.007,0.035));
#2076=CARTESIAN_POINT('',(-0.05,-0.007,6.93889390390723E-18));
#2077=CARTESIAN_POINT('',(-0.05,0.,6.93889390390723E-18));
#2078=CARTESIAN_POINT('',(-0.05,0.,-0.035));
#2079=CARTESIAN_POINT('',(-0.05,-0.007,-0.035));
#2080=CARTESIAN_POINT('',(-0.05,-0.007,-0.035));
#2081=CARTESIAN_POINT('',(-0.05,-0.007,6.93889390390723E-18));
#2082=CARTESIAN_POINT('',(-6.93889390390723E-18,-0.007,-0.035));
#2083=CARTESIAN_POINT('',(-6.93889390390723E-18,0.,-0.035));
#2084=CARTESIAN_POINT('',(0.05,0.,-0.035));
#2085=CARTESIAN_POINT('',(0.05,-0.007,-0.035));
#2086=CARTESIAN_POINT('',(0.05,-0.007,-0.035));
#2087=CARTESIAN_POINT('',(-6.93889390390723E-18,-0.007,-0.035));
#2088=CARTESIAN_POINT('',(0.05,-0.007,6.93889390390723E-18));
#2089=CARTESIAN_POINT('',(0.05,0.,6.93889390390723E-18));
#2090=CARTESIAN_POINT('',(0.05,-0.007,6.93889390390723E-18));
#2091=CARTESIAN_POINT('',(0.,-0.007,0.));
#2092=CARTESIAN_POINT('',(0.,0.,0.));
#2093=CARTESIAN_POINT('',(0.04,-0.056125,0.00875));
#2094=CARTESIAN_POINT('',(6.93889390390723E-18,-0.007,0.035));
#2095=CARTESIAN_POINT('',(6.93889390390723E-18,0.,0.035));
#2096=CARTESIAN_POINT('',(-0.032,0.,0.035));
#2097=CARTESIAN_POINT('',(0.032,0.,0.035));
#2098=CARTESIAN_POINT('',(-0.032,-0.007,0.035));
#2099=CARTESIAN_POINT('',(-0.032,-0.007,0.035));
#2100=CARTESIAN_POINT('',(6.93889390390723E-18,-0.007,0.035));
#2101=CARTESIAN_POINT('',(0.032,-0.007,0.035));
#2102=CARTESIAN_POINT('',(0.032,-0.007,0.035));
#2103=CARTESIAN_POINT('',(-0.032,-0.007,0.));
#2104=CARTESIAN_POINT('',(-0.032,0.,0.));
#2105=CARTESIAN_POINT('',(-0.032,0.,-0.035));
#2106=CARTESIAN_POINT('',(-0.032,-0.007,-0.035));
#2107=CARTESIAN_POINT('',(-0.032,-0.007,-0.035));
#2108=CARTESIAN_POINT('',(-0.032,-0.007,0.));
#2109=CARTESIAN_POINT('',(-1.38777878078145E-17,-0.007,-0.035));
#2110=CARTESIAN_POINT('',(-1.38777878078145E-17,0.,-0.035));
#2111=CARTESIAN_POINT('',(0.032,0.,-0.035));
#2112=CARTESIAN_POINT('',(0.032,-0.007,-0.035));
#2113=CARTESIAN_POINT('',(0.032,-0.007,-0.035));
#2114=CARTESIAN_POINT('',(-1.38777878078145E-17,-0.007,-0.035));
#2115=CARTESIAN_POINT('',(0.032,-0.007,0.));
#2116=CARTESIAN_POINT('',(0.032,0.,0.));
#2117=CARTESIAN_POINT('',(0.032,-0.007,0.));
#2118=CARTESIAN_POINT('',(0.,-0.007,0.));
#2119=CARTESIAN_POINT('',(0.,0.,0.));
#2120=CARTESIAN_POINT('',(0.008,0.000875,0.00875));
#2121=CARTESIAN_POINT('',(0.008,-0.106125,0.00875));
#2122=CARTESIAN_POINT('',(0.,-0.007,0.));
#2123=CARTESIAN_POINT('',(6.93889390390723E-18,-0.007,0.035));
#2124=CARTESIAN_POINT('',(-0.05,-0.007,0.035));
#2125=CARTESIAN_POINT('',(0.05,-0.007,0.035));
#2126=CARTESIAN_POINT('',(-0.05,-0.007,6.93889390390723E-18));
#2127=CARTESIAN_POINT('',(-0.05,-0.007,-0.035));
#2128=CARTESIAN_POINT('',(-6.93889390390723E-18,-0.007,-0.035));
#2129=CARTESIAN_POINT('',(0.05,-0.007,-0.035));
#2130=CARTESIAN_POINT('',(0.05,-0.007,6.93889390390723E-18));
#2131=CARTESIAN_POINT('',(-0.038,-0.007,-3.46944695195361E-18));
#2132=CARTESIAN_POINT('',(-0.038,-0.007,0.0205));
#2133=CARTESIAN_POINT('',(-0.038,-0.007,-0.0205));
#2134=CARTESIAN_POINT('',(6.93889390390723E-18,-0.007,0.0205));
#2135=CARTESIAN_POINT('',(0.038,-0.007,0.0205));
#2136=CARTESIAN_POINT('',(0.038,-0.007,-3.46944695195361E-18));
#2137=CARTESIAN_POINT('',(0.038,-0.007,-0.0205));
#2138=CARTESIAN_POINT('',(0.,-0.007,-0.0205));
#2139=CARTESIAN_POINT('',(0.,0.,0.));
#2140=CARTESIAN_POINT('',(6.93889390390723E-18,0.,0.035));
#2141=CARTESIAN_POINT('',(-0.05,0.,0.035));
#2142=CARTESIAN_POINT('',(0.05,0.,0.035));
#2143=CARTESIAN_POINT('',(0.05,0.,6.93889390390723E-18));
#2144=CARTESIAN_POINT('',(0.05,0.,-0.035));
#2145=CARTESIAN_POINT('',(-6.93889390390723E-18,0.,-0.035));
#2146=CARTESIAN_POINT('',(-0.05,0.,-0.035));
#2147=CARTESIAN_POINT('',(-0.05,0.,6.93889390390723E-18));
#2148=CARTESIAN_POINT('',(0.,0.,0.0205));
#2149=CARTESIAN_POINT('',(-0.038,0.,0.0205));
#2150=CARTESIAN_POINT('',(0.038,0.,0.0205));
#2151=CARTESIAN_POINT('',(-0.038,0.,6.4311699597189E-18));
#2152=CARTESIAN_POINT('',(-0.038,0.,-0.0205));
#2153=CARTESIAN_POINT('',(0.,0.,-0.0205));
#2154=CARTESIAN_POINT('',(0.038,0.,-0.0205));
#2155=CARTESIAN_POINT('',(0.038,0.,-6.4311699597189E-18));
#2156=CARTESIAN_POINT('',(6.93889390390723E-18,-0.007,0.035));
#2157=CARTESIAN_POINT('',(-0.05,-0.007,0.035));
#2158=CARTESIAN_POINT('',(0.05,-0.007,0.035));
#2159=CARTESIAN_POINT('',(-0.05,-0.007,6.93889390390723E-18));
#2160=CARTESIAN_POINT('',(-0.05,-0.007,-0.035));
#2161=CARTESIAN_POINT('',(-6.93889390390723E-18,-0.007,-0.035));
#2162=CARTESIAN_POINT('',(0.05,-0.007,-0.035));
#2163=CARTESIAN_POINT('',(0.05,-0.007,6.93889390390723E-18));
#2164=CARTESIAN_POINT('',(6.93889390390723E-18,0.018,0.0205));
#2165=CARTESIAN_POINT('',(0.038,0.018,0.0205));
#2166=CARTESIAN_POINT('',(-0.038,0.018,0.0205));
#2167=CARTESIAN_POINT('',(-0.038,0.018,-3.46944695195361E-18));
#2168=CARTESIAN_POINT('',(-0.038,0.018,-0.0205));
#2169=CARTESIAN_POINT('',(0.,0.018,-0.0205));
#2170=CARTESIAN_POINT('',(0.038,0.018,-0.0205));
#2171=CARTESIAN_POINT('',(0.038,0.018,-3.46944695195361E-18));
#2172=CARTESIAN_POINT('',(-0.017,-0.056125,0.00875));
#2173=CARTESIAN_POINT('',(0.00200000030547379,-0.007499998822808,0.0046));
#2174=CARTESIAN_POINT('',(-0.00649999938905242,-0.033499998256565,0.0046));
#2175=CARTESIAN_POINT('',(-0.00649999938905242,-0.035999998256565,0.0046));
#2176=CARTESIAN_POINT('',(0.0105,-0.033499998256565,0.0046));
#2177=CARTESIAN_POINT('',(0.0105,-0.035999998256565,0.0046));
#2178=CARTESIAN_POINT('',(-0.0064999993890524,0.018500000610948,0.0046));
#2179=CARTESIAN_POINT('',(-0.0064999993890524,0.016000000610948,0.0046));
#2180=CARTESIAN_POINT('',(-0.0174999999850989,0.028500001713633,0.0046));
#2181=CARTESIAN_POINT('',(-0.0174999999850988,0.028500001713633,0.0046));
#2182=CARTESIAN_POINT('',(0.0215000005960464,0.028500001713633,0.0046));
#2183=CARTESIAN_POINT('',(-0.0174999999850988,-0.04349999935925,0.0046));
#2184=CARTESIAN_POINT('',(-0.0174999999850988,-0.04349999935925,0.0046));
#2185=CARTESIAN_POINT('',(0.0215000005960464,-0.04349999935925,0.0046));
#2186=CARTESIAN_POINT('',(0.0215000005960464,-0.04349999935925,0.0046));
#2187=CARTESIAN_POINT('',(0.0215000005960464,0.028500001713633,0.0046));
#2188=CARTESIAN_POINT('',(0.0105,0.018500000610948,0.0046));
#2189=CARTESIAN_POINT('',(0.0105,0.016000000610948,0.0046));
#2190=CARTESIAN_POINT('',(0.00200000061094759,-0.00749999938905199,0.0026));
#2191=CARTESIAN_POINT('',(0.0105,-0.033499998256565,0.0026));
#2192=CARTESIAN_POINT('',(0.0105,-0.035999998256565,0.0026));
#2193=CARTESIAN_POINT('',(-0.0064999993890524,0.018500000610948,0.0026));
#2194=CARTESIAN_POINT('',(-0.0064999993890524,0.016000000610948,0.0026));
#2195=CARTESIAN_POINT('',(-0.0184999993890524,-0.045499999389052,0.0026));
#2196=CARTESIAN_POINT('',(-0.0184999993890524,-0.045499999389052,0.0026));
#2197=CARTESIAN_POINT('',(0.0225000006109476,-0.045499999389052,0.0026));
#2198=CARTESIAN_POINT('',(-0.0184999993890524,0.030500000610948,0.0026));
#2199=CARTESIAN_POINT('',(-0.0184999993890524,0.030500000610948,0.0026));
#2200=CARTESIAN_POINT('',(0.0225000006109476,0.030500000610948,0.0026));
#2201=CARTESIAN_POINT('',(0.0225000006109476,0.030500000610948,0.0026));
#2202=CARTESIAN_POINT('',(0.0225000006109476,-0.045499999389052,0.0026));
#2203=CARTESIAN_POINT('',(-0.00649999938905242,-0.033499998256565,0.0026));
#2204=CARTESIAN_POINT('',(-0.00649999938905242,-0.035999998256565,0.0026));
#2205=CARTESIAN_POINT('',(0.0105,0.018500000610948,0.0026));
#2206=CARTESIAN_POINT('',(0.0105,0.016000000610948,0.0026));
#2207=CARTESIAN_POINT('',(0.00200000061094759,-0.00749999938905199,0.0216));
#2208=CARTESIAN_POINT('',(0.0165000006109476,-0.026499999389052,0.0216));
#2209=CARTESIAN_POINT('',(0.0165000006109476,-0.04349999935925,0.0216));
#2210=CARTESIAN_POINT('',(0.0165000006109476,-0.045499999389052,0.0216));
#2211=CARTESIAN_POINT('',(0.0020000006109476,-0.04349999935925,0.0216));
#2212=CARTESIAN_POINT('',(-0.0124999993890524,-0.04349999935925,0.0216));
#2213=CARTESIAN_POINT('',(-0.0124999993890524,0.011500000610948,0.0216));
#2214=CARTESIAN_POINT('',(-0.0124999993890524,-0.045499999389052,0.0216));
#2215=CARTESIAN_POINT('',(0.0020000006109476,-0.045499999389052,0.0216));
#2216=CARTESIAN_POINT('',(-0.0174999999850989,0.028500001713633,0.0026));
#2217=CARTESIAN_POINT('',(0.0165000006109476,0.028500001713633,0.0156));
#2218=CARTESIAN_POINT('',(0.0165000006109476,0.028500001713633,0.0216));
#2219=CARTESIAN_POINT('',(0.0225000006109476,0.028500001713633,0.0156));
#2220=CARTESIAN_POINT('',(0.00200000061094759,0.028500001713633,0.0216));
#2221=CARTESIAN_POINT('',(-0.0124999993890524,0.028500001713633,0.0216));
#2222=CARTESIAN_POINT('',(-0.0124999993890524,0.0285000017136329,0.0156));
#2223=CARTESIAN_POINT('',(-0.0184999993890524,0.028500001713633,0.0156));
#2224=CARTESIAN_POINT('',(-0.0174999999850989,0.028500001713633,0.0156));
#2225=CARTESIAN_POINT('',(-0.0174999999850988,0.028500001713633,0.0156));
#2226=CARTESIAN_POINT('',(-0.0174999999850988,0.028500001713633,0.0026));
#2227=CARTESIAN_POINT('',(0.0215000005960464,0.028500001713633,0.0026));
#2228=CARTESIAN_POINT('',(0.0215000005960464,0.028500001713633,0.0156));
#2229=CARTESIAN_POINT('',(-0.0174999999850989,0.028500001713633,0.0156));
#2230=CARTESIAN_POINT('',(0.0215000005960464,0.028500001713633,0.0026));
#2231=CARTESIAN_POINT('',(0.0215000005960464,0.028500001713633,0.0156));
#2232=CARTESIAN_POINT('',(0.0215000005960464,-0.04349999935925,0.0156));
#2233=CARTESIAN_POINT('',(0.0215000005960464,-0.04349999935925,0.0026));
#2234=CARTESIAN_POINT('',(-0.0174999999850988,-0.04349999935925,0.0026));
#2235=CARTESIAN_POINT('',(-0.0174999999850988,-0.04349999935925,0.0156));
#2236=CARTESIAN_POINT('',(-0.0174999999850988,-0.04349999935925,0.0156));
#2237=CARTESIAN_POINT('',(-0.0174999999850988,-0.04349999935925,0.0026));
#2238=CARTESIAN_POINT('',(0.0215000005960464,-0.04349999935925,0.0026));
#2239=CARTESIAN_POINT('',(0.0165000006109476,-0.04349999935925,0.0156));
#2240=CARTESIAN_POINT('',(0.0225000006109476,-0.04349999935925,0.0156));
#2241=CARTESIAN_POINT('',(0.0215000005960464,-0.04349999935925,0.0156));
#2242=CARTESIAN_POINT('',(0.0215000005960464,-0.04349999935925,0.0156));
#2243=CARTESIAN_POINT('',(-0.0184999993890524,-0.04349999935925,0.0156));
#2244=CARTESIAN_POINT('',(-0.0124999993890524,-0.04349999935925,0.0156));
#2245=CARTESIAN_POINT('',(-0.0179999999925494,-0.007499998822808,0.0156));
#2246=CARTESIAN_POINT('',(0.0225000006109476,-0.045499999389052,0.0156));
#2247=CARTESIAN_POINT('',(-0.0179999999925494,-0.007499998822808,0.0156));
#2248=CARTESIAN_POINT('',(-0.0184999993890524,0.030500000610948,0.0156));
#2249=CARTESIAN_POINT('',(-0.0124999993890524,0.011500000610948,0.0156));
#2250=CARTESIAN_POINT('',(-0.0124999993890524,0.030500000610948,0.0156));
#2251=CARTESIAN_POINT('',(-0.0124999993890524,0.030500000610948,0.0216));
#2252=CARTESIAN_POINT('',(-0.0184999993890524,0.030500000610948,0.0156));
#2253=CARTESIAN_POINT('',(-0.0184999993890524,0.011500000610948,0.0156));
#2254=CARTESIAN_POINT('',(-0.0124999993890524,0.011500000610948,0.0216));
#2255=CARTESIAN_POINT('',(0.0225000006109476,0.030500000610948,0.0026));
#2256=CARTESIAN_POINT('',(0.0225000006109476,0.030500000610948,0.0132684779167176));
#2257=CARTESIAN_POINT('',(-0.0184999993890524,0.030500000610948,0.0132684779167176));
#2258=CARTESIAN_POINT('',(0.0225000006109476,0.030500000610948,0.0132684779167176));
#2259=CARTESIAN_POINT('',(0.0225000006109476,0.030500000610948,0.0026));
#2260=CARTESIAN_POINT('',(-0.0184999993890524,0.030500000610948,0.0026));
#2261=CARTESIAN_POINT('',(0.00200000061094759,-0.00749999938905199,0.0216));
#2262=CARTESIAN_POINT('',(0.0165000006109476,-0.026499999389052,0.0216));
#2263=CARTESIAN_POINT('',(0.0165000006109476,0.030500000610948,0.0216));
#2264=CARTESIAN_POINT('',(0.00200000061094758,0.030500000610948,0.0216));
#2265=CARTESIAN_POINT('',(0.0165000006109476,-0.026499999389052,0.0156));
#2266=CARTESIAN_POINT('',(0.0165000006109476,0.030500000610948,0.0156));
#2267=CARTESIAN_POINT('',(0.0225000006109476,0.030500000610948,0.0156));
#2268=CARTESIAN_POINT('',(0.0225000006109476,-0.026499999389052,0.0156));
#2269=CARTESIAN_POINT('',(-0.0184999993890524,0.030500000610948,0.0026));
#2270=CARTESIAN_POINT('',(-0.0184999993890524,0.030500000610948,0.0132684779167176));
#2271=CARTESIAN_POINT('',(-0.0184999993890524,0.028781522083282,0.0132684779167176));
#2272=CARTESIAN_POINT('',(-0.0184999993890524,-0.045499999389052,0.0026));
#2273=CARTESIAN_POINT('',(-0.0184999993890524,-0.045499999389052,0.0156));
#2274=CARTESIAN_POINT('',(-0.0184999993890524,0.011500000610948,0.0156));
#2275=CARTESIAN_POINT('',(-0.0184999993890524,0.030500000610948,0.0026));
#2276=CARTESIAN_POINT('',(-0.0184999993890524,0.030500000610948,0.0152684779167176));
#2277=CARTESIAN_POINT('',(-0.0184999993890524,0.030500000610948,0.0152684779167176));
#2278=CARTESIAN_POINT('',(-0.0184999993890524,0.028781522083282,0.0152684779167176));
#2279=CARTESIAN_POINT('',(-0.0184999993890524,0.028781522083282,0.0026));
#2280=CARTESIAN_POINT('',(-0.0124999993890524,0.011500000610948,0.0156));
#2281=CARTESIAN_POINT('',(-0.0124999993890524,-0.045499999389052,0.0156));
#2282=CARTESIAN_POINT('',(-0.0184999993890524,-0.045499999389052,0.0026));
#2283=CARTESIAN_POINT('',(0.0165000006109476,-0.045499999389052,0.0156));
#2284=CARTESIAN_POINT('',(0.0225000006109476,-0.045499999389052,0.0156));
#2285=CARTESIAN_POINT('',(0.0225000006109476,-0.045499999389052,0.0026));
#2286=CARTESIAN_POINT('',(0.0165000006109476,-0.026499999389052,0.0156));
#2287=CARTESIAN_POINT('',(0.0225000006109476,-0.026499999389052,0.0156));
#2288=CARTESIAN_POINT('',(0.0225000006109476,0.030500000610948,0.0026));
#2289=CARTESIAN_POINT('',(0.0225000006109476,0.030500000610948,0.0152684779167176));
#2290=CARTESIAN_POINT('',(0.0225000006109476,0.030500000610948,0.0152684779167176));
#2291=CARTESIAN_POINT('',(0.0225000006109476,0.030500000610948,0.0026));
#2292=CARTESIAN_POINT('',(0.0225000006109476,-0.045499999389052,0.0026));
#2293=CARTESIAN_POINT('',(0.0225000006109476,-0.045499999389052,0.0132684779167176));
#2294=CARTESIAN_POINT('',(0.0225000006109476,0.028781522083282,0.0132684779167176));
#2295=CARTESIAN_POINT('',(0.0225000006109476,0.028781522083282,0.0026));
#2296=CARTESIAN_POINT('',(0.0225000006109476,0.028781522083282,0.0152684779167176));
#2297=CARTESIAN_POINT('',(0.0225000006109476,-0.045499999389052,0.0152684779167176));
#2298=CARTESIAN_POINT('',(0.0270999993942678,0.028781522083282,0.0132684779167176));
#2299=CARTESIAN_POINT('',(0.0025,0.028781522083282,0.0132684779167176));
#2300=CARTESIAN_POINT('',(0.0025,0.028781522083282,0.0142684779167176));
#2301=CARTESIAN_POINT('',(0.0025,0.028781522083282,0.0152684779167176));
#2302=CARTESIAN_POINT('',(-0.0220999995060265,0.028781522083282,0.0152684779167176));
#2303=CARTESIAN_POINT('',(-0.0064999993890524,0.018500000610948,-0.0204));
#2304=CARTESIAN_POINT('',(0.0105,-0.033499998256565,-0.0204));
#2305=CARTESIAN_POINT('',(-0.00649999938905242,-0.033499998256565,-0.0204));
#2306=CARTESIAN_POINT('',(0.0105,0.018500000610948,-0.0204));
#2307=CARTESIAN_POINT('',(-0.0114180423557115,-0.0637546520309699,0.0107500006109476));
#2308=MECHANICAL_DESIGN_GEOMETRIC_PRESENTATION_REPRESENTATION('',(#1396,
#1397,#1398,#1399,#1400,#1401),#2309);
#2309=(
GEOMETRIC_REPRESENTATION_CONTEXT(3)
GLOBAL_UNCERTAINTY_ASSIGNED_CONTEXT((#2316))
GLOBAL_UNIT_ASSIGNED_CONTEXT((#2325,#2324,#2323))
REPRESENTATION_CONTEXT('Assembly 1','TOP_LEVEL_ASSEMBLY_PART')
);
#2310=(
GEOMETRIC_REPRESENTATION_CONTEXT(3)
GLOBAL_UNCERTAINTY_ASSIGNED_CONTEXT((#2317))
GLOBAL_UNIT_ASSIGNED_CONTEXT((#2325,#2324,#2323))
REPRESENTATION_CONTEXT('Part 1','COMPONENT_PART')
);
#2311=(
GEOMETRIC_REPRESENTATION_CONTEXT(3)
GLOBAL_UNCERTAINTY_ASSIGNED_CONTEXT((#2318))
GLOBAL_UNIT_ASSIGNED_CONTEXT((#2325,#2324,#2323))
REPRESENTATION_CONTEXT('Part 1','COMPONENT_PART')
);
#2312=(
GEOMETRIC_REPRESENTATION_CONTEXT(3)
GLOBAL_UNCERTAINTY_ASSIGNED_CONTEXT((#2319))
GLOBAL_UNIT_ASSIGNED_CONTEXT((#2325,#2324,#2323))
REPRESENTATION_CONTEXT('Part 1','COMPONENT_PART')
);
#2313=(
GEOMETRIC_REPRESENTATION_CONTEXT(3)
GLOBAL_UNCERTAINTY_ASSIGNED_CONTEXT((#2320))
GLOBAL_UNIT_ASSIGNED_CONTEXT((#2325,#2324,#2323))
REPRESENTATION_CONTEXT('Part 1','COMPONENT_PART')
);
#2314=(
GEOMETRIC_REPRESENTATION_CONTEXT(3)
GLOBAL_UNCERTAINTY_ASSIGNED_CONTEXT((#2321))
GLOBAL_UNIT_ASSIGNED_CONTEXT((#2325,#2324,#2323))
REPRESENTATION_CONTEXT('Part 1','COMPONENT_PART')
);
#2315=(
GEOMETRIC_REPRESENTATION_CONTEXT(3)
GLOBAL_UNCERTAINTY_ASSIGNED_CONTEXT((#2322))
GLOBAL_UNIT_ASSIGNED_CONTEXT((#2325,#2324,#2323))
REPRESENTATION_CONTEXT('Portapilas','COMPONENT_PART')
);
#2316=UNCERTAINTY_MEASURE_WITH_UNIT(LENGTH_MEASURE(1.E-8),#2325,
'DISTANCE_ACCURACY_VALUE','Maximum Tolerance applied to model');
#2317=UNCERTAINTY_MEASURE_WITH_UNIT(LENGTH_MEASURE(1.E-8),#2325,
'DISTANCE_ACCURACY_VALUE','Maximum Tolerance applied to model');
#2318=UNCERTAINTY_MEASURE_WITH_UNIT(LENGTH_MEASURE(1.E-8),#2325,
'DISTANCE_ACCURACY_VALUE','Maximum Tolerance applied to model');
#2319=UNCERTAINTY_MEASURE_WITH_UNIT(LENGTH_MEASURE(1.E-8),#2325,
'DISTANCE_ACCURACY_VALUE','Maximum Tolerance applied to model');
#2320=UNCERTAINTY_MEASURE_WITH_UNIT(LENGTH_MEASURE(1.E-8),#2325,
'DISTANCE_ACCURACY_VALUE','Maximum Tolerance applied to model');
#2321=UNCERTAINTY_MEASURE_WITH_UNIT(LENGTH_MEASURE(1.E-8),#2325,
'DISTANCE_ACCURACY_VALUE','Maximum Tolerance applied to model');
#2322=UNCERTAINTY_MEASURE_WITH_UNIT(LENGTH_MEASURE(1.E-8),#2325,
'DISTANCE_ACCURACY_VALUE','Maximum Tolerance applied to model');
#2323=(
NAMED_UNIT(*)
SI_UNIT($,.STERADIAN.)
SOLID_ANGLE_UNIT()
);
#2324=(
NAMED_UNIT(*)
PLANE_ANGLE_UNIT()
SI_UNIT($,.RADIAN.)
);
#2325=(
LENGTH_UNIT()
NAMED_UNIT(*)
SI_UNIT($,.METRE.)
);
#2326=PRODUCT_DEFINITION_SHAPE('','',#2340);
#2327=PRODUCT_DEFINITION_SHAPE('','',#2341);
#2328=PRODUCT_DEFINITION_SHAPE(' ','NAUO PRDDFN',#41);
#2329=PRODUCT_DEFINITION_SHAPE('','',#2342);
#2330=PRODUCT_DEFINITION_SHAPE(' ','NAUO PRDDFN',#42);
#2331=PRODUCT_DEFINITION_SHAPE('','',#2343);
#2332=PRODUCT_DEFINITION_SHAPE(' ','NAUO PRDDFN',#43);
#2333=PRODUCT_DEFINITION_SHAPE('','',#2344);
#2334=PRODUCT_DEFINITION_SHAPE(' ','NAUO PRDDFN',#44);
#2335=PRODUCT_DEFINITION_SHAPE(' ','NAUO PRDDFN',#45);
#2336=PRODUCT_DEFINITION_SHAPE('','',#2345);
#2337=PRODUCT_DEFINITION_SHAPE(' ','NAUO PRDDFN',#46);
#2338=PRODUCT_DEFINITION_SHAPE('','',#2346);
#2339=PRODUCT_DEFINITION_SHAPE(' ','NAUO PRDDFN',#47);
#2340=PRODUCT_DEFINITION('','',#2354,#2347);
#2341=PRODUCT_DEFINITION('','',#2355,#2348);
#2342=PRODUCT_DEFINITION('','',#2356,#2349);
#2343=PRODUCT_DEFINITION('','',#2357,#2350);
#2344=PRODUCT_DEFINITION('','',#2358,#2351);
#2345=PRODUCT_DEFINITION('','',#2359,#2352);
#2346=PRODUCT_DEFINITION('','',#2360,#2353);
#2347=PRODUCT_DEFINITION_CONTEXT('',#2390,'design');
#2348=PRODUCT_DEFINITION_CONTEXT('',#2390,'design');
#2349=PRODUCT_DEFINITION_CONTEXT('',#2390,'design');
#2350=PRODUCT_DEFINITION_CONTEXT('',#2390,'design');
#2351=PRODUCT_DEFINITION_CONTEXT('',#2390,'design');
#2352=PRODUCT_DEFINITION_CONTEXT('',#2390,'design');
#2353=PRODUCT_DEFINITION_CONTEXT('',#2390,'design');
#2354=PRODUCT_DEFINITION_FORMATION_WITH_SPECIFIED_SOURCE('','',#2368,
 .NOT_KNOWN.);
#2355=PRODUCT_DEFINITION_FORMATION_WITH_SPECIFIED_SOURCE('','',#2369,
 .NOT_KNOWN.);
#2356=PRODUCT_DEFINITION_FORMATION_WITH_SPECIFIED_SOURCE('','',#2370,
 .NOT_KNOWN.);
#2357=PRODUCT_DEFINITION_FORMATION_WITH_SPECIFIED_SOURCE('','',#2371,
 .NOT_KNOWN.);
#2358=PRODUCT_DEFINITION_FORMATION_WITH_SPECIFIED_SOURCE('','',#2372,
 .NOT_KNOWN.);
#2359=PRODUCT_DEFINITION_FORMATION_WITH_SPECIFIED_SOURCE('','',#2373,
 .NOT_KNOWN.);
#2360=PRODUCT_DEFINITION_FORMATION_WITH_SPECIFIED_SOURCE('','',#2374,
 .NOT_KNOWN.);
#2361=PRODUCT_RELATED_PRODUCT_CATEGORY('','',(#2368));
#2362=PRODUCT_RELATED_PRODUCT_CATEGORY('','',(#2369));
#2363=PRODUCT_RELATED_PRODUCT_CATEGORY('','',(#2370));
#2364=PRODUCT_RELATED_PRODUCT_CATEGORY('','',(#2371));
#2365=PRODUCT_RELATED_PRODUCT_CATEGORY('','',(#2372));
#2366=PRODUCT_RELATED_PRODUCT_CATEGORY('','',(#2373));
#2367=PRODUCT_RELATED_PRODUCT_CATEGORY('','',(#2374));
#2368=PRODUCT('Assembly 1','Assembly 1','Assembly 1',(#2382));
#2369=PRODUCT('Part 1','Part 1','Part 1',(#2383));
#2370=PRODUCT('Part 1','Part 1','Part 1',(#2384));
#2371=PRODUCT('Part 1','Part 1','Part 1',(#2385));
#2372=PRODUCT('Part 1','Part 1','Part 1',(#2386));
#2373=PRODUCT('Part 1','Part 1','Part 1',(#2387));
#2374=PRODUCT('Portapilas','Portapilas','Portapilas',(#2388));
#2375=PRODUCT_CATEGORY('','');
#2376=PRODUCT_CATEGORY('','');
#2377=PRODUCT_CATEGORY('','');
#2378=PRODUCT_CATEGORY('','');
#2379=PRODUCT_CATEGORY('','');
#2380=PRODUCT_CATEGORY('','');
#2381=PRODUCT_CATEGORY('','');
#2382=PRODUCT_CONTEXT('',#2390,'mechanical');
#2383=PRODUCT_CONTEXT('',#2390,'mechanical');
#2384=PRODUCT_CONTEXT('',#2390,'mechanical');
#2385=PRODUCT_CONTEXT('',#2390,'mechanical');
#2386=PRODUCT_CONTEXT('',#2390,'mechanical');
#2387=PRODUCT_CONTEXT('',#2390,'mechanical');
#2388=PRODUCT_CONTEXT('',#2390,'mechanical');
#2389=APPLICATION_PROTOCOL_DEFINITION('international standard',
'ap242_managed_model_based_3d_engineering',2020,#2390);
#2390=APPLICATION_CONTEXT('managed model based 3d engineering');
ENDSEC;
END-ISO-10303-21;
